번호,도서명,분야,저자,역자,출판사,출간일,ISBN,페이지,정가,추천경로
1,"나는 풍요로웠고, 지구는 달라졌다",과학/공학,호프 자런,김은령,김영사,2020-09-04,9788934990307,276,15500,교육청 > 경남교육청 > 2021년 2월 행복한 책읽기
2,소원을 파는 가게,청소년,스테퍼니 S. 톨란,오승민,라임,2020-07-17,9791189208509,152,9800,교육청 > 경남교육청 > 2021년 2월 행복한 책읽기
3,"명견만리 (정치,생애,직업,탐구 편,지금까지 경험하지 못한 새로운 사회를 말하다)",경영/경제,KBS 명견만리 제작팀,,인플루엔셜,2017-06-05,9791186560433,304,15800,교육청 > 경남교육청 > 교육 CEO에게 권하는 책-2017
4,스티브잡스를 꿈꿔봐,아동,임원기,,탐,2011-03-24,9788964960271,0,0,교육청 > 경남교육청 > 진로와 관련된 책
5,"우리들의 커튼콜 (연극 알기, 보기, 느끼기, 만들기)",예술/대중문화,따돌림사회연구모임 연극팀,,마리북스,2020-10-12,9791189943509,242,14000,교육청 > 경남교육청 > 2021년 2월 행복한 책읽기
6,우리말을 알려 드립니다 (남다른 말하기 글쓰기를 위한 우리말 부려쓰기),청소년,유영진,,키다리,2020-10-22,9791157853403,192,12000,교육청 > 경남교육청 > 2021년 2월 행복한 책읽기
7,사람이 날아다니고 물이 거꾸로 흐르는 곳,문학,제레미 테일러,,동연 ,2009-07-14,9788985467841,0,0,교육청 > 경남교육청 > 진로와 관련된 책
8,달님과 소년,청소년,입 스팡 올센,정영은,진선아이,2020-10-27,9791190779173,28,9500,교육청 > 경남교육청 > 2021년 2월 행복한 책읽기
9,방귀 교실,청소년,신채연,,꿈터,2020-10-26,9791188240807,102,11000,교육청 > 경남교육청 > 2021년 1월 행복한 책읽기
10,나만의 북극성을 찾아라2(진로설계편),어린이,"홍기운, 김승",,미디어숲 ,2012-01-27,9788991907409,0,0,교육청 > 경남교육청 > 진로와 관련된 책
11,희망을 나누어 주는 은행가 유누스,아동,박선민,,리젬,2010-01-25,9788992826297,0,0,교육청 > 경남교육청 > 진로와 관련된 책
12,남다르게 놀아야 남다르게 자란다,기술과학,얄리샤T.드반티어,,인디북,2007-08-10,9788958560951,0,0,교육청 > 경남교육청 > 진로와 관련된 책
13,낙서는 창의력의 시작,아동,애플비 편집부,,애플비,2006-05-01,9788957914229,0,0,교육청 > 경남교육청 > 창의성을 기르는 책
14,"리스토어 (언택트 시대, 오프라인 기업들의 8가지 진화 전략)",경영/경제,황지영,,인플루엔셜,2020-10-15,9791191056167,288,16800,교육청 > 경남교육청 > 2021년 1월 행복한 책읽기
15,창의 사고와 표현,문학,"김승종, 전형철, 한세정, 김영건",,한올출판사,2012-02-25,9788994948058,0,0,교육청 > 경남교육청 > 창의성을 기르는 책
16,마법 수학 토크쇼,아동,노구치 데쓰노리,,살림,2008-08-06,9788952209641,0,0,교육청 > 경남교육청 > 창의성을 기르는 책
17,노벨상을 꿈꾸는 과학자들의 비밀노트,자연과학,한국연구재단,,중앙에듀북스,2012-02-15,9788994465111,0,0,교육청 > 경남교육청 > 창의성을 기르는 책
18,"곱창 1인분도 배달되는 세상, 모두가 행복할까?(질문하는 사회 9) (인권)",사회,오찬호,,나무를심는사람들,2020-09-10,9791190275217,200,13000,교육청 > 경남교육청 > 2021년 1월 행복한 책읽기
19,고구마,청소년,최정아|황진희,,걸음동무,2020-09-30,9791190898126,40,14000,교육청 > 경남교육청 > 2021년 1월 행복한 책읽기
20,"피곤한 10대, 제대로 자고 있는 걸까? (밤에 눈이 더 말똥말똥해지는 10대를 위한 수면의 모든 것)",건강,카타리나 쿠이크,황덕령,오유아이,2020-06-25,9791157820887,104,13000,교육청 > 경남교육청 > 2021년 1월 행복한 책읽기
21,유원 (창비청소년문학 96) (2020년 창비청소년문학상 수상작),소설,백온유,,창비,2020-06-19,9788936456962,228,12000,교육청 > 경남교육청 > 2020년 12월 행복한 책읽기
22,나 하나쯤이야,아동,이상배,,소담주니어,2013-11-15,9788956899183,0,0,교육청 > 경남교육청 > 좋은 성격 형성을 위한 책
23,대한민국 어린이라면 꼭 알아야 할 세계사 100대 사건,아동,전지은,,예림당,2010-02-18,9788930233170,0,0,교육청 > 경남교육청 > 좋은 성격 형성을 위한 책
24,마음챙김의 시,시/에세이,류시화,,수오서재,2020-09-17,9791190382267,184,13000,교육청 > 경남교육청 > 2020년 12월 행복한 책읽기
25,칭찬의 심리학,총류,와다 히데키,,케이디북스,2010-12-15,9788991197800,0,0,교육청 > 경남교육청 > 좋은 성격 형성을 위한 책
26,재운이,아동,윤동재,,창작과비평사,2002-12-20,9788936445355,0,0,교육청 > 경남교육청 > 좋은 성격 형성을 위한 책
27,글자 없는 그림책,아동,이은홍,,사계절,2000-12-10,9788971967393,0,0,교육청 > 경남교육청 > 꿈이 있는 그림책
28,소통,총류,김경옥,,재승출판,2011-11-21,9788994217147,0,0,교육청 > 경남교육청 > 꿈이 있는 그림책
29,바오밥 환상곡 (오빠가 된 소년의 한 뼘 성장기),가정/생활/요리,양준서,,봄들,2020-06-25,9791196730048,152,12000,교육청 > 경남교육청 > 2020년 12월 행복한 책읽기
30,꼬리 여덟 개 잘린 구미호가 다녀갔어,청소년,김미희,,키위북스(어린이),2020-06-25,9791185173726,40,15000,교육청 > 경남교육청 > 2020년 12월 행복한 책읽기
31,고릴라,아동,앤서니 브라운,,비룡소,1998-10-29,9788949110486,0,0,교육청 > 경남교육청 > 꿈이 있는 그림책
32,이토록 멋진 곤충,청소년,안네 스베르드루프-튀게손,조은영,단추,2020-07-24,9791189723132,136,17000,교육청 > 경남교육청 > 2020년 12월 행복한 책읽기
33,오늘은 도서관 가는 날(양장본 HardCover),청소년,조셉 코엘료,,노란돼지,2020-04-17,9791159950797,36,13000,교육청 > 경남교육청 > 2020년 9월 행복한 책읽기
34,그림 도둑 준모,아동,오승희,,낮은산,2003-05-30,9788989646075,0,0,교육청 > 경남교육청 > 꿈이 있는 그림책
35,그림 형제 동화집,아동,그림 형제,,보물창고,2012-02-29,9788961702669,0,0,교육청 > 경남교육청 > 꿈이 있는 그림책
36,벼락 맞은 리코더,청소년,류미정,,잇츠북어린이,2020-06-15,9791187903383,116,12000,교육청 > 경남교육청 > 2020년 9월 행복한 책읽기
37,"중학 과학 개념 65(NASA 연구원에게 배우는) (아침부터 밤까지, 내가 경험하는 모든 일이 과학 교과서가 되는 마법!)",과학/공학,케이티 메키시크,,매직사이언스,2020-05-25,9791188535187,296,15000,교육청 > 경남교육청 > 2020년 9월 행복한 책읽기
38,열 문장 쓰는 법 (못 쓰는 사람에서 쓰는 사람으로),시/에세이,김정선,,유유,2020-03-04,9791189683337,160,10000,교육청 > 경남교육청 > 2020년 9월 행복한 책읽기
39,세상을 담은 그림 지도,아동,김향금,,보림,2004-01-10,9788943305239,0,0,교육청 > 경남교육청 > 꿈이 있는 그림책
40,사람에 대한 예의,역사/문화,권석천,,어크로스,2020-06-05,9791190030519,324,15000,교육청 > 경남교육청 > 2020년 9월 행복한 책읽기
41,물개 할망(양장본 HardCover),인문,오미경,,모래알,2020-01-30,9791157852918,44,15000,교육청 > 경남교육청 > 2020년 8월 행복한 책읽기
42,오늘부터 티볼 (일공일삼 61),청소년,박상기,,비룡소,2020-04-21,9788949121888,212,11000,교육청 > 경남교육청 > 2020년 8월 행복한 책읽기
43,그림 그리는 아이 김홍도,아동,정하섭,,보림 ,1997-12-20,8943303378,0,0,교육청 > 경남교육청 > 꿈이 있는 그림책
44,날아라 혹아이,아동,한봉지,,리젬,2006-02-23,9788995748725,0,0,교육청 > 경남교육청 > 꿈이 있는 그림책
45,인어들,아동,신시아 하인리츠,,리젬,2011-08-18,9788992826556,0,0,교육청 > 경남교육청 > 꿈이 있는 그림책
46,호기심 대장 안철수,아동,김옥림,,문이당어린이,2011-02-25,,0,9800,교육청 > 경남교육청 > 진로와 관련된 책
47,독고솜에게 반하면 (제10회 문학동네청소년문학상 대상 수상작),소설,허진희,,문학동네,2020-01-23,9788954670302,232,11500,교육청 > 경남교육청 > 2020년 8월 행복한 책읽기
48,뉴욕도서관으로 온 엉뚱한 질문들(양장본 HardCover) (PECULIAR QUESTIONS AND PRACTICAL ANSWERS: A Little Bit of Wisdom and Whimsy From the Files of the New York Public Library),역사/문화,뉴욕공공도서관,,정은문고,2020-04-10,9791185153353,188,16800,교육청 > 경남교육청 > 2020년 8월 행복한 책읽기
49,우리가 인생이라 부르는 것들 (자기 삶의 언어를 찾는 열네 번의 시 강의),역사/문화,정재찬,,인플루엔셜,2020-02-25,9791189995539,356,16000,교육청 > 경남교육청 > 2020년 8월 행복한 책읽기
50,책벌레들의 책 없는 방학,아동,힐러리 매케이,,시공주니어,2011-02-20,,0,9000,교육청 > 경남교육청 > 진로와 관련된 책
51,아빠의 인생 사용법,아동,토마 스코토,,어린이작가정신,2011-02-22,,0,8500,교육청 > 경남교육청 > 진로와 관련된 책
52,기이한 DMZ 생태공원,인문,강현아,,소동,2020-01-31,9788994750415,42,15000,교육청 > 경남교육청 > 2020년 7월 행복한 책읽기
53,왜 조심해야 돼? (나를 지키는 12달 안전 이야기),청소년,박현숙,,꿈터,2020-03-31,9791188240692,208,13000,교육청 > 경남교육청 > 2020년 7월 행복한 책읽기
54,"소년들을 위한 내 몸 안내서 (목소리와 벨트 아래의 변화에서부터, 혼란스러운 사춘기 내 마음과 SNS의 안전한 사용법까지)",청소년,스콧 토드넘,,휴머니스트,2020-03-02,9791160803693,168,14000,교육청 > 경남교육청 > 2020년 7월 행복한 책읽기
55,악동 삼총사 희망을 쏘다,아동,고정욱,,아이앤북,2010-12-20,,0,9000,교육청 > 경남교육청 > 진로와 관련된 책
56,내 아들아 너의 인생의 선택은 이렇게 하며 살아라,총류,필립 체스터필드,,아이템북스,2011-02-10,,0,7500,교육청 > 경남교육청 > 진로와 관련된 책
57,이솝 우화로 읽는 철학 이야기,역사/문화,박승억,,이케이북,2020-01-03,9791186222270,300,14500,교육청 > 경남교육청 > 2020년 7월 행복한 책읽기
58,당신에게 베토벤을 선물합니다 (당신에게 들려주고 싶은 베토벤 이야기),예술/대중문화,임현정,,원앤원북스,2020-03-05,9791170430629,240,16000,교육청 > 경남교육청 > 2020년 7월 행복한 책읽기
59,거짓말 같은 이야기 (2011 볼로냐 국제 어린이 도서전 라가치 상),아동,강경수,,시공주니어,2011-02-20,,0,9500,교육청 > 경남교육청 > 진로와 관련된 책
60,나는 아이로서 누릴 권리가 있어요,아동,알랭 세레,,고래이야기,2010-12-15,,0,11500,교육청 > 경남교육청 > 진로와 관련된 책
61,경복궁에 간 불도깨비,아동,김미혜,,시공주니어,2011-02-25,,0,10000,교육청 > 경남교육청 > 진로와 관련된 책
62,다산의 마지막 공부 (마음을 지켜낸다는 것),자기계발,조윤제,,청림출판,2018-12-11,9788935212484,304,15000,교육청 > 경남교육청 > 2019년 교육 CEO에게 권하는 책 -3월
63,왕실도서관 규장각에서  조선의 보물찾기 (조선 시대의 놀라운 기록 문화),아동,신병주|이혜숙,,책과함께어린이,2010-09-30,,0,11000,교육청 > 경남교육청 > 진로와 관련된 책
64,별이네 옥수수밭 손님들,아동,김정희,,산하,2010-11-10,,0,9800,교육청 > 경남교육청 > 진로와 관련된 책
65,반짝반짝 (차윤미 장편소설),소설,차윤미,,단비,2018-10-20,9791163500049,232,11000,교육청 > 경남교육청 > 2019년 교육 CEO에게 권하는 책 -3월
66,아무것도 가르치지 않는 선생님,청소년,셰인 페이슬리,,책과콩나무,2019-01-25,9791186490914,160,12000,교육청 > 경남교육청 > 2019년 교육 CEO에게 권하는 책 -3월
67,"지구를 살리는 영화관 (<인터스텔라>에서<옥자>까지, 영화로 펼쳐보는 오늘의 환경 이슈)",사회,환경과교육연구소|권혜선|김찬국|김희경|안재정|조성화,,서해문집,2018-10-20,9788974839598,224,12900,교육청 > 경남교육청 > 2019년 교육 CEO에게 권하는 책 -3월
68,나는 소심해요,청소년,엘로디 페로탱,,이마주,2019-01-10,9791189044107,36,9500,교육청 > 경남교육청 > 2019년 교육 CEO에게 권하는 책 -3월
69,너는 학원 가니 나는 대학 간다 (입시 전문가가 공개하는 대학 입시의 모든 것),어린이,장용호,,북카라반,2011-05-25,,0,12000,교육청 > 경남교육청 > 진로와 관련된 책
70,너의 꿈에는 한계가 없다 (최고의 멘토들이 전하는 직업 이야기),어린이,이영남,,민음인,2011-05-17,,0,12000,교육청 > 경남교육청 > 진로와 관련된 책
71,시가 있는 바닷가 어느 교실,시/에세이,최종득,,양철북,2018-10-19,9788963722818,208,13000,교육청 > 경남교육청 > 2019년 교육 CEO에게 권하는 책 -2월
72,"생물학자의 시선 (다윈에서 도킨스까지, 청소년을 위한 과학 읽기)",과학/공학,최섭,,지성사,2018-10-31,9788978894043,280,19000,교육청 > 경남교육청 > 2019년 교육 CEO에게 권하는 책 -2월
73,행복한 진로학교 (7인의 멘토가 제안하는 직업찾기 발상전환법),어린이,박원순|박기태|송인수,,시사IN북,2011-06-07,,0,12000,교육청 > 경남교육청 > 진로와 관련된 책
74,오돼지(대학생진로설정워크북),어린이,박철균,,옥스비,2012-04-25,9788989867111,0,15000,교육청 > 경남교육청 > 진로와 관련된 책
75,어떤 범생이가,소설,이상권,,시공사,2018-11-01,9788952787637,144,10000,교육청 > 경남교육청 > 2019년 교육 CEO에게 권하는 책 -2월
76,곰팡이 수지 (곰팡이의 거의 모든 것),청소년,레오노라 라이틀,,스콜라,2018-09-07,9788962479706,28,12000,교육청 > 경남교육청 > 2019년 교육 CEO에게 권하는 책 -2월
77,진학보다 진로를 먼저 생각하는 10대의 미래지도,어린이,강보영,,노란우산,2010-02-20,,0,12000,교육청 > 경남교육청 > 진로와 관련된 책
78,진로설정과 경력개발,총류,강길훈,,아카데미아,2012-03-13,,0,17000,교육청 > 경남교육청 > 진로와 관련된 책
79,공부가 재밌어지는 진로의 정석,총류,엄명종,,웅진웰북,2009-03-02,,0,10800,교육청 > 경남교육청 > 진로와 관련된 책
80,핑스 (2018년 제6회 스토리킹 수상작),청소년,이유리,,비룡소,2018-09-03,9788949124384,148,10000,교육청 > 경남교육청 > 2019년 교육 CEO에게 권하는 책 -2월
81,만화로 보는 직업의 세계 1 (진로선택을 위한 10년 후 유망 직업 100),아동,와이즈멘토,,동아일보사,2005-10-31,,0,9000,교육청 > 경남교육청 > 진로와 관련된 책
82,진로 설계와 창의 체험 활동 전략 (입학사정관제 대비를 위한 로드맵 시리즈),총류,조훈|임병욱|김동욱,,넥서스BOOKS,2011-04-30,,0,16500,교육청 > 경남교육청 > 진로와 관련된 책
83,21세기를 위한 21가지 제언 (더 나은 오늘은 어떻게 가능한가),역사/문화,유발 하라리,,김영사,2018-09-03,9788934982975,560,22000,교육청 > 경남교육청 > 2019년 교육 CEO에게 권하는 책 -1월
84,내 안의 새는 원하는 곳으로 날아간다,청소년,사라 룬드베리,,산하,2018-07-31,9788976505057,124,13000,교육청 > 경남교육청 > 2019년 교육 CEO에게 권하는 책 -1월
85,만화로 보는 직업의 세계 5 (진로선택을 위한 10년 후 유망 직업 100),아동,와이즈멘토,,동아일보사,2007-03-27,,0,9000,교육청 > 경남교육청 > 진로와 관련된 책
86,내 꿈은 내가 만든다 (청소년 진로탐색 프로그램),어린이,삼성사회정신건강연구소,,교육과학사,2012-11-20,,0,10000,교육청 > 경남교육청 > 진로와 관련된 책
87,아주 특별하게 평범한 가족에 대하여 (가족이 된다는 것은 어떤 의미인가?),소설,로빈 벤웨이,,상상의힘,2018-09-15,9788997381586,436,14800,교육청 > 경남교육청 > 2019년 교육 CEO에게 권하는 책 -1월
88,색깔의 역사,청소년,클리브 기포드,,노란돼지,2018-07-20,9791159950377,72,19000,교육청 > 경남교육청 > 2019년 교육 CEO에게 권하는 책 -1월
89,그래 엄마 나 미쳤어,어린이,서철인,,맥스미디어,2004-09-20,,0,9800,교육청 > 경남교육청 > 진로와 관련된 책
90,꿈은 이루어 진다 (청소년 진로탐색 워크북),어린이,남성현,,신진리탐구,2009-08-21,,0,12000,교육청 > 경남교육청 > 진로와 관련된 책
91,사라진 루크를 찾는 가장 공정한 방법,청소년,로랑 카르동,,꿈터,2018-07-06,9791188240296,54,54,교육청 > 경남교육청 > 2019년 교육 CEO에게 권하는 책 -1월
92,2미터 그리고 48시간 (유은실 장편소설),소설,유은실,,낮은산,2018-09-10,9791155251096,160,11000,교육청 > 경남교육청 > 2018년 교육 CEO에게 권하는 책 -12월
93,자기 역사를 쓴다는 것 (역사의 흐름 속에서 개인이 삶을 기록하는 방법),역사/문화,다치바나 다카시,,바다출판사,2018-08-14,9788955612080,312,17800,교육청 > 경남교육청 > 2018년 교육 CEO에게 권하는 책 -12월
94,맹준열 외 8인 (이은용 장편소설),소설,이은용,,창비,2018-08-17,9788936456856,240,12000,교육청 > 경남교육청 > 2018년 교육 CEO에게 권하는 책 -12월
95,청소년 직업여행으로 인생을 배운다,어린이,김준성,,신아사,2008-08-20,,0,12000,교육청 > 경남교육청 > 진로와 관련된 책
96,나는 무슨 일 하며 살아야 할까,총류,하종강|이철수|송승훈|배경내|박현희,,철수와영희,2011-05-09,,0,12000,교육청 > 경남교육청 > 진로와 관련된 책
97,까칠한 아이 (제25회 눈높이아동문학상 장편 부문 대상 수상작),청소년,남찬숙,,대교북스주니어,2018-08-01,9788939571112,164,11000,교육청 > 경남교육청 > 2018년 교육 CEO에게 권하는 책 -12월
98,최량의 미래를 찾아 떠난 여행 (하버드 MPP 유학 체험기),어린이,이케다 요이치로,,에이지21,2011-04-09,,0,16000,교육청 > 경남교육청 > 진로와 관련된 책
99,한 권으로 보는 그림 직업 백과,아동,조은주|유수정,,진선아이,2009-08-26,,0,19000,교육청 > 경남교육청 > 진로와 관련된 책
100,숲으로 간 사람들,청소년,안지혜,,창비,2018-07-27,9788936447298,44,12000,교육청 > 경남교육청 > 2018년 교육 CEO에게 권하는 책 -12월
101,내일을 바꾸는 작지만 확실한 행동,학습,시릴 디옹|피에르 라비,,한울림어린이,2018-03-29,9791187517375,72,72,교육청 > 경남교육청 > 교육CEO에게 권하는 11월의 책
102,스티브 잡스를 꿈꿔 봐,총류,임원기,,탐,2011-03-24,,0,9500,교육청 > 경남교육청 > 진로와 관련된 책
103,입시를 이기는 행복력 공부,어린이,시미즈 요시노리,,행복포럼,2009-04-07,,0,9800,교육청 > 경남교육청 > 진로와 관련된 책
104,한국예술종합학교 이야기 (일만시간의 몰입),어린이,현재원,,청어람,2011-03-28,,0,20000,교육청 > 경남교육청 > 진로와 관련된 책
105,방구석 미술관 (가볍고 편하게 시작하는 유쾌한 교양 미술),예술,조원재,,블랙피쉬,2018-08-03,9788968331862,344,344,교육청 > 경남교육청 > 교육CEO에게 권하는 11월의 책
106,"BEE BOOK (비북,생태계를 살리는 꿀벌 이야기)",학습,샬럿 밀너,,청어람아이,2018-07-09,9791158710682,52,13000,교육청 > 경남교육청 > 교육CEO에게 권하는 10월의 책
107,내 인생을 특별하게 만들어 줄 멋진 직업,어린이,캐롤린 보이스,,행간,2009-09-30,,0,12000,교육청 > 경남교육청 > 진로와 관련된 책
108,꿀벌과 시작한 열일곱 (후지미 고등학교 양봉부 이야기),시/에세이,모리야마 아미,,상추쌈,2018-08-18,9788996751403,280,280,교육청 > 경남교육청 > 교육CEO에게 권하는 11월의 책
109,우리와 다른 아이,청소년,엘리사 마촐리,유지연,한울림스페셜,2018-01-05,9788993143614,36,36,교육청 > 경남교육청 >  교육CEO에게 권하는 책-2018
110,세상을 바꾸는 천개의 직업 (박원순의 대한민국 희망 프로젝트),총류,박원순,,문학동네,2011-10-07,,0,15000,교육청 > 경남교육청 > 진로와 관련된 책
111,그건 네 잘못이 아니야! (동의와 허락에 관한 십대들의 스킨십 이야기),역사/문화,피트 왈리스|탈리아 왈리스,,봄풀출판,2018-05-10,9788993677973,64,64,교육청 > 경남교육청 > 교육CEO에게 권하는 11월의 책
112,여행도 하고 돈도버는 여행작가 한번 해볼까,총류,채지형,,위즈덤하우스,2009-08-28,,0,12000,교육청 > 경남교육청 > 진로와 관련된 책
113,청년독립선언 (대기업 인재개발 담당자와 진로전문코치가 전하는 진로의 정석),어린이,엄명종|정강욱|정민규,,심통,2010-07-20,,0,12000,교육청 > 경남교육청 > 진로와 관련된 책
114,꿈꾸는 다락방 2 (실천편),어린이,이지성,,국일미디어(국일출판사),2008-07-28,,0,13500,교육청 > 경남교육청 > 진로와 관련된 책
115,아무 일도 일어나지 않은 날,청소년,박현숙,,꿈터,2018-07-16,9791188240333,116,116,교육청 > 경남교육청 > 교육CEO에게 권하는 11월의 책
116,청소년의 진로탐색과 결정,어린이,문승태,,한국학술정보,2006-09-20,,0,14000,교육청 > 경남교육청 > 진로와 관련된 책
117,대한민국 10대를 인터뷰하다,어린이,김순천,,동녘,2009-08-31,,0,13000,교육청 > 경남교육청 > 진로와 관련된 책
118,사람이 날아다니고 물이 거꾸로 흐르는 곳,총류,제레미 테일러,,동연,2009-07-14,,0,14000,교육청 > 경남교육청 > 진로와 관련된 책
119,칼리의 프랑스 학교 이야기 (질문하고 토론하고 연대하는 프랑스 아이의 성장 비결),가정/생활/요리,목수정,,생각정원,2018-06-22,9791188388370,420,17000,교육청 > 경남교육청 > 교육CEO에게 권하는 10월의 책
120,꿈 희망 미래 (아시아의 빌 게이츠 스티브 김의 성공신화),총류,스티브 김,,21세기북스,2011-01-17,,0,12000,교육청 > 경남교육청 > 진로와 관련된 책
121,진학보다 진로를 먼저 생각하는 10대의 미래지도,어린이,강보영,,노란우산,2010-02-20,,0,12000,교육청 > 경남교육청 > 진로와 관련된 책
122,"어서 와, 마케팅은 처음이지? (한국외대 입학처장의 명쾌한 경영학 수업,탐 사고뭉치 16)",경영/경제,박지혜,,탐,2018-06-01,9788964963760,263,15000,교육청 > 경남교육청 > 교육CEO에게 권하는 10월의 책
123,도깨비폰을 개통하시겠습니까?,청소년,박하익,,창비,2018-03-23,9788936442927,192,192,교육청 > 경남교육청 >  교육CEO에게 권하는 책-2018
124,구미호 식당,소설,박현숙,,특별한서재,2018-05-10,9791188912179,248,12500,교육청 > 경남교육청 > 교육CEO에게 권하는 10월의 책
125,우리 아이 진로 학교보다 부모가 먼저다,총류,헤더 카펜터,,샘터사,2010-10-26,,0,12000,교육청 > 경남교육청 > 진로와 관련된 책
126,"나만의 북극성을 찾아라 2 (진로활동 입학사정관제 포트폴리오, 진로설계편)",어린이,홍기운|김승,,미디어숲,2012-01-27,,0,18000,교육청 > 경남교육청 > 진로와 관련된 책
127,"나만의 북극성을 찾아라 1 (진로활동 입학사정관제 포트폴리오, 진로탐색편)",어린이,홍기운|김승,,미디어숲,2012-01-27,,0,18000,교육청 > 경남교육청 > 진로와 관련된 책
128,내 마음 배송 완료,청소년,송방순,,논장,2018-07-20,9788984143272,124,10000,교육청 > 경남교육청 > 교육CEO에게 권하는 10월의 책
129,꽃을 선물할게,인문,강경수,,창비,2018-04-20,9788936455255,52,52,교육청 > 경남교육청 >  교육CEO에게 권하는 책-2018
130,덤벼라 인생 (고박과 남쌤이 청소년들에게 들려주는 인생론),어린이,남경태|고성국,,철수와영희,2012-02-10,,0,13000,교육청 > 경남교육청 > 진로와 관련된 책
131,Lets go 창의적 체험활동 1 (나의 진로 포트폴리오 만들기),어린이,조경희|김연미|김태옥|박선유|윤석진,,씨마스,2011-12-09,,0,7500,교육청 > 경남교육청 > 진로와 관련된 책
132,"아리스토텔레스, 이게 행복이다!",역사/문화,이성주,,생각비행,2018-04-03,9791187708797,160,160,교육청 > 경남교육청 >  교육CEO에게 권하는 책-2018
133,디자인은 어디에나 있어!,청소년,이남석|이규리|이규린,,창비,2018-03-09,9788936447236,120,120,교육청 > 경남교육청 >  교육CEO에게 권하는 책-2018
134,비전있는 진로 가이드,어린이,해바라기,,지경사,2003-09-25,,0,8000,교육청 > 경남교육청 > 진로와 관련된 책
135,골드 피쉬 보이 (블랙홀 청소년 문고 006),소설,리사 톰슨,양윤선,블랙홀,2018-03-30,9791188974108,403,403,교육청 > 경남교육청 >  교육CEO에게 권하는 책-2018
136,처음엔 사소했던 일,소설,왕수펀,조윤진,뜨인돌출판사,2018-04-12,9788958076827,160,160,교육청 > 경남교육청 >  교육CEO에게 권하는 책-2018
137,열다섯 살 하영이의 스웨덴 학교 이야기 (창의·다양·여유를 배운다),어린이,이하영,,양철북,2008-10-27,,0,9800,교육청 > 경남교육청 > 진로와 관련된 책
138,나를 지키는 힘 (20인의 철학자가 전하는 삶의 중심 찾기),자기계발,임병희,,생각정원,2018-01-25,9791188388202,248,248,교육청 > 경남교육청 >  교육CEO에게 권하는 책-2018
139,왜 언론이 문제일까?,사회,박영흠,,반니,2018-02-15,9791187980438,176,176,교육청 > 경남교육청 >  교육CEO에게 권하는 책-2018
140,지금 고민한 만큼 너는 단단해질 것이다 (존 맥스웰의 10가지 청소년 리더십),어린이,존 맥스웰,,애플북스,2011-12-23,,0,12000,교육청 > 경남교육청 > 진로와 관련된 책
141,"사양합니다, 동네 바보 형이라는 말",사회,류승연,,푸른숲,2018-03-30,9791156757382,306,306,교육청 > 경남교육청 >  교육CEO에게 권하는 책-2018
142,"꿈의 로켓을 쏘다 (로켓박사 채연석의 삶, 로켓, 열정)",어린이,채연석,,북하우스,2008-10-24,,0,10000,교육청 > 경남교육청 > 진로와 관련된 책
143,일본신문장학생 (50만원으로 일본유학가자),총류,김용기,,이비락,2011-03-21,,0,15000,교육청 > 경남교육청 > 진로와 관련된 책
144,행복바이러스 안철수,총류,안철수,,리젬,2009-09-05,,0,10800,교육청 > 경남교육청 > 진로와 관련된 책
145,희망을 나누어 주는 은행가 유누스,아동,박선민,,리젬,2010-01-25,,0,9800,교육청 > 경남교육청 > 진로와 관련된 책
146,하지만...,청소년,안느 방탈,이정주,이마주,2018-04-20,9791189044015,76,76,교육청 > 경남교육청 >  교육CEO에게 권하는 책-2018
147,안녕 사랑 안녕 행복도,청소년,패니 브리트,박선주,책과콩나무,2018-03-15,9791186490860,160,160,교육청 > 경남교육청 >  교육CEO에게 권하는 책-2018
148,호랑이의 눈 (Tiger Eyes),소설,주디 블룸,안신헤,창비,2018-05-18,9788936456849,296,296,교육청 > 경남교육청 >  교육CEO에게 권하는 책-2018
149,청소년 진로 코칭 (10대의 꿈에 날개를 달아 주는),어린이,허은영,,우리교육,2012-03-30,,0,15000,교육청 > 경남교육청 > 진로와 관련된 책
150,내 휴대폰 속의 슈퍼스파이,과학/공학,타니아 로이드 치,임경희,푸른숲주니어,2018-05-15,9791156751632,140,140,교육청 > 경남교육청 >  교육CEO에게 권하는 책-2018
151,우리와 다른 아이,청소년,엘리사 마촐리,유지연,한울림스페셜,2018-01-05,9788993143614,38,13000,교육청 > 경남교육청 > 교육 CEO에게 권하는 책 7~9월
152,달의 뒤편으로 간 사람,총류,베아 우스마 쉬페르트,,비룡소,2009-07-15,,0,9000,교육청 > 경남교육청 > 진로와 관련된 책
153,책 읽는 왕자 (책 속에 분명히 해답이 있을 거야),아동,재키 프렌치,,예꿈,2011-02-15,,0,10500,교육청 > 경남교육청 > 창의성을 기르는 책
154,"드라이빙 미스 노마 (숨이 붙어 있는 한 재밌게 살고 싶어!,Driving Miss Norma)",시/에세이,팀|라미,고상욱,흐름출판,2018-05-18,9788965962618,352,352,교육청 > 경남교육청 >  교육CEO에게 권하는 책-2018
155,도깨비폰을 개통하시겠습니까?,청소년,박하익,,창비,2018-03-23,9788936442927,192,10800,교육청 > 경남교육청 > 교육 CEO에게 권하는 책 7~9월
156,마음의 집,아동,김희경,,창비,2010-01-30,,0,12000,교육청 > 경남교육청 > 창의성을 기르는 책
157,"아리스토텔레스, 이게 행복이다!",역사/문화,이성주,,생각비행,2018-04-03,9791187708797,160,13000,교육청 > 경남교육청 > 교육 CEO에게 권하는 책 7~9월
158,꽃을 선물할게,인문,강경수,,창비,2018-04-20,9788936455255,52,13000,교육청 > 경남교육청 > 교육 CEO에게 권하는 책 7~9월
159,나도 같이 놀고 싶단 말이야,아동,로렌 차일드,,국민서관,2011-02-28,,0,10000,교육청 > 경남교육청 > 창의성을 기르는 책
160,골드 피쉬 보이 (블랙홀 청소년 문고 006),소설,리사 톰슨,양윤선,블랙홀,2018-03-30,9791188974108,403,13000,교육청 > 경남교육청 > 교육 CEO에게 권하는 책 7~9월
161,디자인은 어디에나 있어!,청소년,이남석|이규리|이규린,,창비,2018-03-09,9788936447236,120,11000,교육청 > 경남교육청 > 교육 CEO에게 권하는 책 7~9월
162,신통방통 태극기,아동,유수진,,좋은책어린이,2011-02-25,,0,8500,교육청 > 경남교육청 > 창의성을 기르는 책
163,나를 지키는 힘 (20인의 철학자가 전하는 삶의 중심 찾기),자기계발,임병희,,생각정원,2018-01-25,9791188388202,248,14000,교육청 > 경남교육청 > 교육 CEO에게 권하는 책 7~9월
164,처음엔 사소했던 일,소설,왕수펀,조윤진,뜨인돌출판사,2018-04-12,9788958076827,160,11000,교육청 > 경남교육청 > 교육 CEO에게 권하는 책 7~9월
165,왜 언론이 문제일까?,사회,박영흠,,반니,2018-02-15,9791187980438,176,13000,교육청 > 경남교육청 > 교육 CEO에게 권하는 책 7~9월
166,"사양합니다, 동네 바보 형이라는 말",사회,류승연,,푸른숲,2018-03-30,9791156757382,306,15000,교육청 > 경남교육청 > 교육 CEO에게 권하는 책 7~9월
167,아이들 눈에 비친 어른 세상 그리고 나,아동,주디스 라자르,,산수야,2011-02-15,,0,12000,교육청 > 경남교육청 > 창의성을 기르는 책
168,하지만...,청소년,안느 방탈,이정주,이마주,2018-04-20,9791189044015,76,9800,교육청 > 경남교육청 > 교육 CEO에게 권하는 책 7~9월
169,안녕 사랑 안녕 행복도,청소년,패니 브리트,박선주,책과콩나무,2018-03-15,9791186490860,160,18000,교육청 > 경남교육청 > 교육 CEO에게 권하는 책 7~9월
170,호랑이의 눈 (Tiger Eyes),소설,주디 블룸,안신혜,창비,2018-05-18,9788936456849,296,12000,교육청 > 경남교육청 > 교육 CEO에게 권하는 책 7~9월
171,앗 도서관의 책들이 사라졌다 (세상 모든 책을 지킨 용감한 아이의 모험),아동,이학건,,토토북,2010-11-30,,0,9500,교육청 > 경남교육청 > 창의성을 기르는 책
172,내 휴대폰 속의 슈퍼스파이,과학/공학,타니아 로이드 치,임경희,푸른숲주니어,2018-05-15,9791156751632,140,11000,교육청 > 경남교육청 > 교육 CEO에게 권하는 책 7~9월
173,숲에서 경영을 가꾸다 (관찰학자 최재천의 경영 십계명),경영/경제,최재천,,메디치미디어,2017-12-20,9791157061099,216,14000,교육청 > 경남교육청 >  교육CEO에게 권하는 책-2018
174,내 짝꿍은 외계인,아동,정영애,,주니어김영사,2011-02-24,,0,8500,교육청 > 경남교육청 > 창의성을 기르는 책
175,네 친구 이야기 (우정에 관한 인도의 우화),아동,라셸 보장 데샹|루이즈 외젤,,비룡소,2010-12-15,,0,9000,교육청 > 경남교육청 > 창의성을 기르는 책
176,"드라이빙 미스 노마 (숨이 붙어 있는 한 재밌게 살고 싶어!,Driving Miss Norma)",시/에세이,팀|라미,고상숙,흐름출판,2018-05-18,9788965962618,352,14000,교육청 > 경남교육청 > 교육 CEO에게 권하는 책 7~9월
177,꼴값 (정연철 장편소설),소설,정연철,,푸른숲주니어,2018-02-22,9791156751601,204,9800,교육청 > 경남교육청 >  교육CEO에게 권하는 책-2018
178,루와 린덴 언제나 함께,아동,고테마리 루이,,한림출판사,2011-02-25,,0,10000,교육청 > 경남교육청 > 창의성을 기르는 책
179,네가 세상에 처음 왔을때,아동,선안나,,학고재,2010-12-15,,0,11000,교육청 > 경남교육청 > 창의성을 기르는 책
180,소설이 묻고 철학이 답하다 (문득 당연한 것이 궁금해질 때 철학에 말 걸어보는 연습),역사/문화,박연숙,,지상의책,2018-02-26,9791196178628,240,13500,교육청 > 경남교육청 >  교육CEO에게 권하는 책-2018
181,딜쿠샤의 추억 (서울시 종로구 행촌동 1번지 아주 특별한 집),청소년,김세미|이미진,,찰리북,2017-12-29,9788994368733,56,13800,교육청 > 경남교육청 >  교육CEO에게 권하는 책-2018
182,천수만에 겨울 철새 보러 가요,아동,이성실,,아이세움,2010-11-25,,0,9000,교육청 > 경남교육청 > 창의성을 기르는 책
183,불곰에게 잡혀간 우리 아빠,청소년,허은미,,여유당,2018-01-25,9788992351638,36,13000,교육청 > 경남교육청 >  교육CEO에게 권하는 책-2018
184,소현 세자의 진짜 공부,역사,설흔,,라임,2017-09-14,9791185871820,220,11000,교육청 > 경남교육청 >  교육CEO에게 권하는 책-2018
185,할머니의 할머니의 할머니의 옷,아동,홍선주,,책읽는곰,2009-11-23,,0,9500,교육청 > 경남교육청 > 창의성을 기르는 책
186,지혜를 배우러 가는 길,아동,알렉스 캐브레라,,파인앤굿,2011-02-15,,0,10000,교육청 > 경남교육청 > 창의성을 기르는 책
187,시로 납치하다 (인생학교에서 시 읽기 1),시/에세이,류시화,,더숲,2018-01-14,9791186900420,248,13000,교육청 > 경남교육청 >  교육CEO에게 권하는 책-2018
188,나는 아이로서 누릴 권리가 있어요,아동,알랭 세레,,고래이야기,2010-12-15,,0,11500,교육청 > 경남교육청 > 창의성을 기르는 책
189,경복궁에 간 불도깨비,아동,김미혜,,시공주니어,2011-02-25,,0,10000,교육청 > 경남교육청 > 창의성을 기르는 책
190,학교 가기 싫은 아이들이 다니는 학교,아동,송미경,,웅진주니어,2010-11-15,,0,9000,교육청 > 경남교육청 > 창의성을 기르는 책
191,최원형의 청소년 소비 특강 (대량 소비가 만든 쓰레기 이야기),역사/문화,최원형,,철수와영희,2017-11-30,9791188215065,232,13000,교육청 > 경남교육청 >  교육CEO에게 권하는 책-2018
192,사소한 소원만 들어주는 두꺼비,인문,전금자,,비룡소,2017-10-25,9788949101903,44,11000,교육청 > 경남교육청 >  교육CEO에게 권하는 책-2018
193,콩 하나면 되겠니,아동,배유안,,창비,2010-06-01,,0,8500,교육청 > 경남교육청 > 창의성을 기르는 책
194,용서의 정원,청소년,로런 톰프슨,,시공주니어,2018-01-25,9788952786456,36,10500,교육청 > 경남교육청 >  교육CEO에게 권하는 책-2018
195,라인,소설,이송현,,사계절,2017-09-05,9791160941012,236,12000,교육청 > 경남교육청 >  교육CEO에게 권하는 책-2018
196,개미핥기,아동,다니엘라 데 루카,,다섯수레,2011-05-01,,0,9000,교육청 > 경남교육청 > 창의성을 기르는 책
197,인문학으로 광고하다 (크리에이티브 디렉터 박웅현의 창의성과 소통의 기술),총류,박웅현,,알마,2009-08-27,,0,17500,교육청 > 경남교육청 > 창의성을 기르는 책
198,상상목공소 (상상력과 창의성은 어떻게 형성되는가),총류,김진송,,톨,2011-03-21,,0,13800,교육청 > 경남교육청 > 창의성을 기르는 책
199,이상한 정상가족,사회,김희경,,동아시아,2017-11-21,9788962622096,284,15000,교육청 > 경남교육청 >  교육CEO에게 권하는 책-2018
200,달처럼 동그란 내 얼굴,소설,미레유 디스데로,,담푸스,2018-01-25,9788994449906,184,11000,교육청 > 경남교육청 >  교육CEO에게 권하는 책-2018
201,창의성의 발견 (창의성은 언제 어디서 무엇에 의해 어떻게 발현되는가),총류,최인수,,쌤앤파커스,2011-01-05,,0,16000,교육청 > 경남교육청 > 창의성을 기르는 책
202,이명옥의 크로싱 (99명의 거장에게서 발견한 생각의 연금술),예술,이명옥,,21세기북스,2011-06-24,,0,16500,교육청 > 경남교육청 > 창의성을 기르는 책
203,하버가 들려주는 화학 산업 이야기,자연과학,신현철,,자음과모음,2011-07-20,,0,9700,교육청 > 경남교육청 > 창의성을 기르는 책
204,"안네 프랑크와 마로니에 나무 (그리고 안네의 성장 이야기, 안네의 일기, 』,The Tree in the Courtyard: Looking through Anne Frank’s Window)",청소년,제프 고츠펠드,,두레아이들,2017-11-05,9788991550865,72,12000,교육청 > 경남교육청 >  교육CEO에게 권하는 책-2018
205,엄마 아빠가 우리를 버렸어요,청소년,이상옥,,산하,2018-02-15,9788976504968,64,11000,교육청 > 경남교육청 >  교육CEO에게 권하는 책-2018
206,일제 강제 동원 이름을 기억하라!,아동,정혜경,,사계절,2017-08-09,9791160941029,128,12000,교육청 > 경남교육청 >  교육CEO에게 권하는 책-2018
207,이유있는 반대 (사형제 왜 문제일까),총류,제라르 도텔,,개마고원,2010-07-30,,0,10000,교육청 > 경남교육청 > 창의성을 기르는 책
208,"내가 내일 죽는다면 (삶을 정돈하는 가장 따뜻한 방법, 데스클리닝,The Gentle Art of Swedish Death Cleaning)",시/에세이,마르가레타 망누손,,시공사,2017-09-20,9788952779229,192,12500,교육청 > 경남교육청 >  교육CEO에게 권하는 책-2018
209,"나의 첫 젠더 수업 (여자 사람과 남자사람, 오래된 질문과 새로운 대답!)",사회,김고연주,,창비,2017-11-10,9788936452278,204,12000,교육청 > 경남교육청 >  교육CEO에게 권하는 책-2018
210,창의성의 또다른 이름 트리즈(TRIZ) (TRIZ),총류,김효준,,인피니티북스,2009-01-15,,0,13000,교육청 > 경남교육청 > 창의성을 기르는 책
211,우리는 작은 가게에서 어른이 되는 중입니다,사회,박진숙,,사계절,2017-12-21,9791160943313,216,13000,교육청 > 경남교육청 >  교육CEO에게 권하는 책-2018
212,폭력 없는 교실은 어디 있나요?,역사/문화,김국태,,팜파스,2017-11-15,9791170261810,252,13000,교육청 > 경남교육청 >  교육CEO에게 권하는 책-2018
213,내 눈에 콩깍지,아동,최은영,,좋은책어린이,2017-11-27,9788928315871,64,8500,교육청 > 경남교육청 >  교육CEO에게 권하는 책-2018
214,잭키 마론과 악당 황금손 (책 먹는 여우가 직접 쓴 탐정 소설),아동,프란치스카 비어만|책 먹는 여우,,주니어김영사,2017-06-29,9788934978381,116,11000,교육청 > 경남교육청 >  교육CEO에게 권하는 책-2018
215,창의성의 즐거움 ('창의적 인간'은 어떻게 만들어지는가),총류,미하이 칙센트미하이,,더난출판사,2003-11-28,,0,18000,교육청 > 경남교육청 > 창의성을 기르는 책
216,창의성 키우는 독서학교 (총명한 아이를 위한 독서방법),아동,조미아,,경향에듀,2010-01-13,,0,12000,교육청 > 경남교육청 > 창의성을 기르는 책
217,우리의 고통을 이해하는 책들 (프랑스의 창조적 독서 치료),역사/문화,레진 드탕벨,,펄북스,2017-11-15,9791187490098,232,14000,교육청 > 경남교육청 >  교육CEO에게 권하는 책-2018
218,내 얘기를 들어주세요,아동,안 에르보,,한울림어린이,2017-08-25,9791187517290,32,12000,교육청 > 경남교육청 >  교육CEO에게 권하는 책-2018
219,브레인스토밍을 중심으로 (생활 속의 창의성 계발 1),총류,전경원,,창지사,2004-05-24,,0,7000,교육청 > 경남교육청 > 창의성을 기르는 책
220,유쾌한 발견력,총류,사카토 켄지,,위너스북,2010-03-25,,0,11000,교육청 > 경남교육청 > 창의성을 기르는 책
221,내일은 내일에게 (김선영 장편소설),문학,김선영,,특별한서재,2017-11-03,9791196149949,224,12000,교육청 > 경남교육청 >  교육CEO에게 권하는 책-2018
222,"대통령님, 할 말이 있어요",아동,안 루와이에,,봄의정원,2017-09-04,9791187154563,32,12000,교육청 > 경남교육청 >  교육CEO에게 권하는 책-2018
223,페페로니 전략,총류,옌스 바이트너,,더난출판사,2006-06-20,,0,9000,교육청 > 경남교육청 > 창의성을 기르는 책
224,괴짜 과학자 주방에 가다 (요리에 숨은 과학원리를 밝히는 신개념 쿠킹북),총류,제프 포터,,이마고,2011-08-20,,0,17000,교육청 > 경남교육청 > 창의성을 기르는 책
225,굿모닝 사이언스,총류,피터 벤틀리,,김영사,2011-03-30,,0,14000,교육청 > 경남교육청 > 창의성을 기르는 책
226,굿모닝 사이언스,총류,피터 벤틀리,,김영사,2011-03-30,,0,14000,교육청 > 경남교육청 > 창의성을 기르는 책
227,원자력 논쟁,학습,오승현,,풀빛,2017-08-25,9791161720173,216,12000,교육청 > 경남교육청 >  교육CEO에게 권하는 책-2018
228,힐빌리의 노래 (위기의 가정과 문화에 대한 회고),시/에세이,J.D.밴스,,흐름출판,2017-09-04,9788965962281,428,428,교육청 > 경남교육청 >  교육CEO에게 권하는 책-2018
229,베르나르 베르베르의 상상력 사전,총류,베르나르 베르베르,,열린책들,2011-03-03,,0,15800,교육청 > 경남교육청 > 창의성을 기르는 책
230,그림으로 키우는 창의성 (상상력에 창의성의 날개를 달자),아동,KIM연구소,,창의와꿈,2010-11-25,,0,12000,교육청 > 경남교육청 > 창의성을 기르는 책
231,우리집은 창의력 놀이터 (강남 LGS 영재연구소의 교육법 공개),아동,이고은,,이지스퍼블리싱,2011-07-15,,0,15000,교육청 > 경남교육청 > 창의성을 기르는 책
232,"10대가 맞이할 세상, 새로운 미래직업 (4차 산업혁명은 우리의 삶을 어떻게 바꿀까?)",자기계발,김승|이정아|정동완,,미디어숲,2017-08-30,9791158740269,260,14800,교육청 > 경남교육청 >  교육CEO에게 권하는 책-2018
233,화난 원숭이들은 모두 어디로 갔을까 (숨어 버린 내 안의 열정과 창의성을 찾아가는 혁신 이야기),총류,송인혁,,아이앤유,2011-10-10,,0,13000,교육청 > 경남교육청 > 창의성을 기르는 책
234,마르지 않는 창의성 (예술적 재능과 성공을 위한 창의성 훈련 코칭),총류,에릭 메이슬,,도솔,2009-06-27,,0,14000,교육청 > 경남교육청 > 창의성을 기르는 책
235,"내 모자 밑에 숨어 있는 창의성의 심리학 (세상을 변화시키는 힘, 창의성의 심리 여행)",총류,박지영,,가산출판사,2007-02-12,,0,12000,교육청 > 경남교육청 > 창의성을 기르는 책
236,"소년아, 나를 꺼내 줘",문학,김진나,,사계절,2017-08-30,9791160941050,196,11000,교육청 > 경남교육청 >  교육CEO에게 권하는 책-2018
237,내 멋대로 혁명 (서화교 장편소설),문학,서화교,,낮은산,2017-09-20,9791155250877,204,11000,교육청 > 경남교육청 > 교육 CEO에게 권하는 책-2017
238,뇌내 폭풍,총류,에릭 마이젤|앤 마이젤,,예문,2010-11-23,,0,13000,교육청 > 경남교육청 > 창의성을 기르는 책
239,생각 3.0 (스마트를 뛰어넘어 크리에이티브로 가는 생각의 도구),총류,노경원,,엘도라도,2010-10-15,,0,13000,교육청 > 경남교육청 > 창의성을 기르는 책
240,세상을 바꿀 용기 (더불어 행복한 세상을 실천하는 청소년 리더 52인의 이야기),시/에세이,존 슐림,,미래인,2017-07-25,9788983948168,312,13000,교육청 > 경남교육청 > 교육 CEO에게 권하는 책-2017
241,그림으로 창의력 키우기,아동,앤드루 파인더,,보물창고,2011-07-05,,0,10800,교육청 > 경남교육청 > 창의성을 기르는 책
242,그림으로 상상력 키우기 (The Boys' Doodle Book),아동,앤드루 파인더,,보물창고,2011-05-20,,0,10800,교육청 > 경남교육청 > 창의성을 기르는 책
243,위대한 직감 (24시간을 이기는 1분),총류,카렌 살만손,,예문,2011-03-21,,0,11000,교육청 > 경남교육청 > 창의성을 기르는 책
244,골드포인트 (숨어있는 치명적 문제를 발견하는 힘),총류,우치다 카즈나리,,비즈니스맵,2010-10-25,,0,12000,교육청 > 경남교육청 > 창의성을 기르는 책
245,박씨 성을 가진 노비,아동,윤영선,,아이앤북,2017-09-05,9791157921041,168,9500,교육청 > 경남교육청 > 교육 CEO에게 권하는 책-2017
246,우리 반 일등은 외계인,아동,비르지니 엘 삼,,스콜라,2017-07-20,9788962478525,56,12000,교육청 > 경남교육청 > 교육 CEO에게 권하는 책-2017
247,"정조 책문, 새로운 국가를 묻다 (개혁군주 정조의 78가지 질문)",역사,정조,,판미동,2017-05-22,9791158882709,440,16500,교육청 > 경남교육청 > 교육 CEO에게 권하는 책-2017
248,안읽어 씨 가족과 책 요리점,아동,김유,,문학동네,2017-05-18,9788954645270,124,10000,교육청 > 경남교육청 > 교육 CEO에게 권하는 책-2017
249,스매싱 (아이디어가 막힐 때 돌파하는 힘),총류,정상수,,해냄출판사,2010-01-30,,0,14000,교육청 > 경남교육청 > 창의성을 기르는 책
250,리딩으로 리드하라 (세상을 지배하는 0.1퍼센트의 인문고전 독서법),총류,이지성,,문학동네,2010-11-17,,0,15000,교육청 > 경남교육청 > 창의성을 기르는 책
251,내 이름은 도도,시/에세이,선푸위,,추수밭,2017-08-04,9791155401064,276,14800,교육청 > 경남교육청 > 교육 CEO에게 권하는 책-2017
252,남산골 두 기자 (붓으로 세상을 바꾸려는 자들의 열혈 취재 활극),문학,정명섭,,서유재,2017-07-25,9791195764877,216,11000,교육청 > 경남교육청 > 교육 CEO에게 권하는 책-2017
253,스티브 잡스의 창의성을 훔쳐라,총류,이동조,,아르볼,2011-04-05,,0,9800,교육청 > 경남교육청 > 창의성을 기르는 책
254,리들 (비즈니스 창의성을 일깨우는 부와 성공의 수수께끼),총류,앤드류 라제기,,명진출판사,2008-10-15,,0,19800,교육청 > 경남교육청 > 창의성을 기르는 책
255,허생전 공부만 한다고 돈이 나올까? (물음표로 따라가는 인문고전 4),학습,고영,,아르볼,2017-06-15,9791185786988,136,11000,교육청 > 경남교육청 > 교육 CEO에게 권하는 책-2017
256,나는 민주주의 세상에서 살고 있을까? (교과서 속 소설로 사회 보기),사회,김세연,,봄풀출판,2017-06-01,9788993677935,128,10000,교육청 > 경남교육청 > 교육 CEO에게 권하는 책-2017
257,건방진 장루이와 68일 (황선미 선생님이 들려주는 관계 이야기),아동,황선미,,스콜라,2017-05-30,9788962478396,148,11000,교육청 > 경남교육청 > 교육 CEO에게 권하는 책-2017
258,언제나 칭찬,아동,류호선,,사계절,2017-04-10,9791160940619,60,7800,교육청 > 경남교육청 > 교육 CEO에게 권하는 책-2017
259,한글의 탄생 (문자 라는 기적),총류,노마 히데키,,돌베개,2011-10-09,,0,15000,교육청 > 경남교육청 > 창의성을 기르는 책
260,중학생이 되기 전에 꼭 풀어야 할 창의퀴즈 100,아동,안진훈,,조선북스,2011-10-25,,0,12000,교육청 > 경남교육청 > 창의성을 기르는 책
261,그대를 듣는다 (정재찬의 시 에세이),시/에세이,정재찬,,휴머니스트,2017-06-05,9791160800333,256,14000,교육청 > 경남교육청 > 교육 CEO에게 권하는 책-2017
262,엄마의 골목 (김탁환 에세이),시/에세이,김탁환,,난다,2017-03-03,9791196003043,212,13000,교육청 > 경남교육청 > 교육 CEO에게 권하는 책-2017
263,격을 파하라 (대한민국 No.1 크리에이터의 파격적인 창의창조론),총류,송창의,,랜덤하우스코리아,2011-09-09,,0,12000,교육청 > 경남교육청 > 창의성을 기르는 책
264,생각의 공식 (창의성을 학습하는 11가지 생각의도구),총류,에드워드 드보노,,더난출판사,2010-04-10,,0,13000,교육청 > 경남교육청 > 창의성을 기르는 책
265,마을에서 살려낸 우리말 (동무들과 즐겁게 사귀면서 나누는 말 한마디),학습,최종규|숲노래,,철수와영희,2017-07-12,9791188215027,204,13000,교육청 > 경남교육청 > 교육 CEO에게 권하는 책-2017
266,너희는 안녕하니?,문학,한정영,,다른,2017-04-21,9791156331513,256,12000,교육청 > 경남교육청 > 교육 CEO에게 권하는 책-2017
267,창의성 (그 잠재력의 실현을 위하여),총류,Robert J. Sternberg|E.L.GRIGORENKO|J.L.SINGER,,학지사,2009-04-10,,0,15000,교육청 > 경남교육청 > 창의성을 기르는 책
268,삶을 역전시키는 창의성 유머 (유머 매뉴얼 실천편),총류,김종석,,모아북스,2011-03-09,,0,12000,교육청 > 경남교육청 > 창의성을 기르는 책
269,거리 소년의 신발,문학,이성주,,씨드북,2017-06-01,9791160510911,312,13000,교육청 > 경남교육청 > 교육 CEO에게 권하는 책-2017
270,떼인 돈 받아 드립니다,아동,최은영,,시공주니어,2017-04-10,9788952785374,184,10000,교육청 > 경남교육청 > 교육 CEO에게 권하는 책-2017
271,창의성에 관한 11가지 생각,총류,황준욱|유승호|김윤태,,고려대학교출판부,2009-07-25,,0,9000,교육청 > 경남교육청 > 창의성을 기르는 책
272,창의력에 미쳐라 (세상을 향한 유쾌한 반전),총류,김광희,,넥서스BIZ,2010-10-25,,0,15000,교육청 > 경남교육청 > 창의성을 기르는 책
273,고약한 결점,아동,안느 가엘 발프,,파랑새어린이,2017-05-20,9788961556606,50,14800,교육청 > 경남교육청 > 교육 CEO에게 권하는 책-2017
274,공부는 이쯤에서 마치는 거로 한다,문학,한창훈,,한겨레출판사,2017-01-02,9791160400281,264,13000,교육청 > 경남교육청 > 교육 CEO에게 권하는 책-2017
275,365 창의력 그리기 대백과,아동,피오나 와트,,미세기,2010-04-08,,0,19800,교육청 > 경남교육청 > 창의성을 기르는 책
276,"나의 꿈, 나의 길",어린이,안도현|정호승|한비야,,다림,2017-03-30,9788961771382,192,11800,교육청 > 경남교육청 > 교육 CEO에게 권하는 책-2017
277,오늘의 민수,문학,김혜정,,문학과지성사,2017-05-12,9788932030050,211,11000,교육청 > 경남교육청 > 교육 CEO에게 권하는 책-2017
278,우리아이 창의력 키우는 놀토 (현직교사 짱아샘과 떠나는 체험학습 여행),아동,장은숙,,하서,2011-01-15,,0,18000,교육청 > 경남교육청 > 창의성을 기르는 책
279,"아빠, 왜 히틀러한테 투표했어요?",아동,디디에 데냉크스,,봄나무,2017-02-01,9791156131069,44,12000,교육청 > 경남교육청 > 교육 CEO에게 권하는 책-2017
280,어느 날 그 애가,아동,이은용,,문학동네,2017-02-07,9788954644259,152,11500,교육청 > 경남교육청 > 교육 CEO에게 권하는 책-2016
281,"찾아봐 찾아봐 3 (창의력과 집중력을 키우는 숨은그림찾기, 그리스 로마 신화)",아동,출판기획부,,상수리,2011-11-03,,0,11000,교육청 > 경남교육청 > 창의성을 기르는 책
282,창의력 오렌지,자연과학,팻 팰런|프레드 센,,세종서적,2008-09-20,,0,14000,교육청 > 경남교육청 > 창의성을 기르는 책
283,창의력은 밥이다 (생존과 직결되는 발상 전환법),자연과학,김광희,,넥서스BIZ,2011-11-30,,0,15000,교육청 > 경남교육청 > 창의성을 기르는 책
284,인간들은 왜 신을 두고 싸우는가? (철학자가 들려주는 신과 종교 이야기),어린이,미카엘 포에셀,,구름서재,2017-04-25,9791195283477,96,10000,교육청 > 경남교육청 > 교육 CEO에게 권하는 책-2017
285,알사탕,아동,백희나,,책읽는곰,2017-03-25,9791158360375,48,12000,교육청 > 경남교육청 > 교육 CEO에게 권하는 책-2017
286,창의성 101,자연과학,James C. Kaufman,,시그마프레스,2010-01-22,,0,15000,교육청 > 경남교육청 > 창의성을 기르는 책
287,자신의 고정관념을 탈피하는 창의력 아이디어,총류,이호철,,북오션,2008-06-25,,0,10500,교육청 > 경남교육청 > 창의성을 기르는 책
288,소녀의 창의 스케치북,예술,한나 코헨,,진선출판사,2012-02-24,,0,12000,교육청 > 경남교육청 > 창의성을 기르는 책
289,동급생,문학,프레드 울만,,열린책들,2017-02-10,9788932918143,160,10800,교육청 > 경남교육청 > 교육 CEO에게 권하는 책-2017
290,편의점 가는 기분 (박영란 장편소설),문학,박영란,,창비,2016-10-07,9788936456757,236,10000,교육청 > 경남교육청 > 교육 CEO에게 권하는 책-2017
291,낙서는 창의력의 시작,아동,애플비 편집부,,애플비,2006-05-01,,0,9500,교육청 > 경남교육청 > 창의성을 기르는 책
292,동전 하나로도 행복했던 구멍가게의 날들,문학,이미경,,남해의봄날,2017-02-10,9791185823133,208,17000,교육청 > 경남교육청 > 교육 CEO에게 권하는 책-2017
293,리더를 위한 미술 창의력 발전소,예술,이주헌,,위즈덤하우스,2008-09-26,,0,15000,교육청 > 경남교육청 > 창의성을 기르는 책
294,엉뚱발랄 인기 짱 창의력 있는 아이 창의력 없는 아이,아동,황은영,,글송이,2011-01-05,,0,9500,교육청 > 경남교육청 > 창의성을 기르는 책
295,단순한 것이 아름답다 (장석주 산문집),문학,장석주,,문학세계사,2016-07-27,9788970758220,224,12000,교육청 > 경남교육청 > 교육 CEO에게 권하는 책-2017
296,생태학이 정말 우리 지구를 지킨다고? (하루 동안 떠나는 생태학 여행),아동,마리엘라 코간|일레아나 로테르스타인,,찰리북,2016-04-18,9788994368450,56,12000,교육청 > 경남교육청 > 교육 CEO에게 권하는 책-2017
297,호기심이 샘솟는 창의력 미술가게,아동,장부남|남기희,,혜지원,2010-06-15,,0,16000,교육청 > 경남교육청 > 창의성을 기르는 책
298,느림의 중요성을 깨달은 달팽이,문학,루이스 세풀베다,,열린책들,2016-07-20,9788932917757,104,10800,교육청 > 경남교육청 > 교육 CEO에게 권하는 책-2017
299,쿵쿵이의 대단한 습관 이야기,아동,허은미,,풀빛,2016-06-15,9788974740832,48,12000,교육청 > 경남교육청 > 교육 CEO에게 권하는 책-2017
300,창의 사고와 표현,자연과학,김승종|전형철|한세정|김영건,,한올출판사,2012-02-25,,0,9500,교육청 > 경남교육청 > 창의성을 기르는 책
301,창의성 키우는 독서학교 (총명한 아이를 위한 독서방법),자연과학,조미아,,경향에듀,2010-01-13,,0,12000,교육청 > 경남교육청 > 창의성을 기르는 책
302,"인생, 너무 어렵게 살지 마세요",문학,이태형,,국민북스,2016-07-13,9791195741052,284,15000,교육청 > 경남교육청 > 교육 CEO에게 권하는 책-2017
303,혼자가 아닌 날,아동,구오징,,미디어창비,2016-07-20,9791186621134,112,16500,교육청 > 경남교육청 > 교육 CEO에게 권하는 책-2017
304,삶을 역전시키는 창의성 유머 (유머 매뉴얼 실천편),총류,김종석,,모아북스,2011-03-09,,0,12000,교육청 > 경남교육청 > 창의성을 기르는 책
305,창의 논리학 방패의 논리학 (속이는 사람의 관점에서 쓴 역발상 논리학),자연과학,니컬러스 캐펄디|마일스 스미트,,교양인,2012-03-25,,0,15000,교육청 > 경남교육청 > 창의성을 기르는 책
306,얘들아 창의성이 밥 먹여준대 (미국 교환학생 다솜이의 미술체험 노트),자연과학,황다솜,,꿈의열쇠,2012-01-20,,0,15000,교육청 > 경남교육청 > 창의성을 기르는 책
307,카트에 담긴 역사 이야기 (상품에 담긴 침략과 혁명의 역사),역사,김대갑,,노느매기,2016-09-15,9791195381760,336,15000,교육청 > 경남교육청 > 교육 CEO에게 권하는 책-2017
308,마르지 않는 창의성 (예술적 재능과 성공을 위한 창의성 훈련 코칭),자연과학,에릭 메이슬,,도솔,2009-06-27,,0,14000,교육청 > 경남교육청 > 창의성을 기르는 책
309,창의성 네 머리를 깨워라 (실전편),자연과학,박범익,,산소리,2007-05-17,,0,9000,교육청 > 경남교육청 > 창의성을 기르는 책
310,한 손에 잡히는 창의사고 I'M ATH,자연과학,정원용,,씨실과날실,2008-05-10,,0,15000,교육청 > 경남교육청 > 창의성을 기르는 책
311,생각 깨우기,아동,이어령,,푸른숲주니어,2009-01-10,,0,9500,교육청 > 경남교육청 > 창의성을 기르는 책
312,우리가 스마트폰 속으로 빠져드는 이유,문학,김현정,,팜파스,2016-11-15,9791170261261,228,12000,교육청 > 경남교육청 > 교육 CEO에게 권하는 책-2017
313,갈매기 택배,아동,이시이 히로시,,스콜라,2016-07-15,9788962477405,40,10000,교육청 > 경남교육청 > 교육 CEO에게 권하는 책-2017
314,잔소리 통조림,아동,마크 젤먼,,보물창고,2011-10-05,,0,11000,교육청 > 경남교육청 > 창의성을 기르는 책
315,과학 선생님 독일 가다,어린이,김현빈|한문정|홍준의,,푸른숲,2009-04-24,,0,13000,교육청 > 경남교육청 > 창의성을 기르는 책
316,이오덕 선생님,아동,이오덕,,고인돌,2016-09-15,9788994372808,231,14500,교육청 > 경남교육청 > 교육 CEO에게 권하는 책-2017
317,푸른 늑대의 파수꾼 (김은진 장편소설),문학,김은진,,창비,2016-04-18,9788936456726,276,10000,교육청 > 경남교육청 > 교육 CEO에게 권하는 책-2017
318,경서 친구 경서,아동,정성희,,책읽는곰,2016-08-18,9791158360269,248,11000,교육청 > 경남교육청 > 교육 CEO에게 권하는 책-2017
319,마법 수학 토크쇼 (최강수와 수학마법사 4인이 펼치는),어린이,노구치 데쓰노리,,살림MATH,2008-08-06,,0,9800,교육청 > 경남교육청 > 창의성을 기르는 책
320,"십대, 명작에서 진로를 찾다 (가슴을 흔든 명작이 내 삶을 바꾼다)",문학,김요한,,피톤치드,2016-09-26,9791186692059,256,13500,교육청 > 경남교육청 > 교육 CEO에게 권하는 책-2017
321,거짓말쟁이 왕바름,아동,박영옥,,고래가숨쉬는도서관,2016-10-28,9791187427094,40,12000,교육청 > 경남교육청 > 교육 CEO에게 권하는 책-2017
322,노벨상을 꿈꾸는 과학자들의 비밀노트,어린이,한국과학재단,,중앙에듀북스,2009-02-23,,0,10900,교육청 > 경남교육청 > 창의성을 기르는 책
323,하이타니 겐지로의 생각들,문학,하이타니 겐지로,,양철북,2016-11-07,9788963722191,180,12000,교육청 > 경남교육청 > 교육 CEO에게 권하는 책-2017
324,일론 머스크의 세상을 바꾸는 도전 (멈추지 않는 열정으로 인류의 미래를 꿈꾸다),아동,박신식,,크레용하우스,2016-12-10,9788955474817,140,11000,교육청 > 경남교육청 > 교육 CEO에게 권하는 책-2017
325,이그노벨상 이야기 (천재와 바보의 경계에 선 괴짜들의 노벨상),아동,마크 에이브러햄스,,살림,2010-10-07,,0,12000,교육청 > 경남교육청 > 창의성을 기르는 책
326,멋진 신세계와 판도라의 상자 (현대 과학 기술 낯설게 보기),자연과학,연세 과학 기술과 사회연구 포럼,,문학과지성사,2009-10-29,,0,11000,교육청 > 경남교육청 > 창의성을 기르는 책
327,책가방을 메고 오늘도 괜찮은 척 (따뜻한 손길과 위로를 기다리는 청소년을 위한 마음 치유 일러스트 에세이),문학,전진우,,팜파스,2016-12-10,9791170261353,192,12000,교육청 > 경남교육청 > 교육 CEO에게 권하는 책-2017
328,노빈손 이상기후의 정체를 밝혀라,아동,장은선,,뜨인돌,2012-06-01,,0,9500,교육청 > 경남교육청 > 창의성을 기르는 책
329,처음 읽는 우주의 역사 (별똥별 아줌마  최초의 우주를 만나다),자연과학,이지유,,휴머니스트,2012-09-10,,0,14000,교육청 > 경남교육청 > 창의성을 기르는 책
330,에너지 세계 일주 (에너지 전문가 200명과 함께하는 친환경 어드벤처),자연과학,블랑딘 앙투안|엘로디 르노,,살림,2011-04-11,,0,14800,교육청 > 경남교육청 > 창의성을 기르는 책
331,뒤바뀐 교환학생,문학,크리스티네 뇌슬링어,,지니책,2017-02-06,9791195847419,286,12000,교육청 > 경남교육청 > 교육 CEO에게 권하는 책-2017
332,왕할아버지 오신 날,아동,이영미,,느림보,2016-10-26,9788958762072,36,12000,교육청 > 경남교육청 > 교육 CEO에게 권하는 책-2017
333,욕심쟁이 딸기 아저씨 (초등학생을 위한),아동,김유경,,노란돼지,2017-01-20,9791159950179,52,12000,교육청 > 경남교육청 > 교육 CEO에게 권하는 책-2017
334,미스터 퐁 과학에 빠지다 (호기심으로 떠나는 창의력 여행),아동,송은영,,부키,2011-10-24,,0,12500,교육청 > 경남교육청 > 창의성을 기르는 책
335,"난민 (세계 시민 수업 1, 왜 목숨 걸고 국경을 넘을까?)",아동,박진숙,,풀빛,2016-11-24,9788974741150,104,12000,교육청 > 경남교육청 > 교육 CEO에게 권하는 책-2017
336,요즘것들 사전 (요즘것들의 말로 들여다본 요즘 세상),사회,권재원,,우리학교,2016-12-13,9791187050209,252,13500,교육청 > 경남교육청 > 교육 CEO에게 권하는 책-2017
337,엄마의 슬픈 날,아동,시린 호마이어,,문학동네,2009-10-29,,0,8500,교육청 > 경남교육청 > 좋은 성격 형성을 위한 책
338,이렇게 재미있는 책이라면 (청소년을 위한 독서 유발 인문학 강독회),사회,박현희,,북하우스,2016-12-12,9788956057934,244,14000,교육청 > 경남교육청 > 교육 CEO에게 권하는 책-2017
339,으리으리한 개집,아동,유설화,,책읽는곰,2017-01-17,9791158360351,40,12000,교육청 > 경남교육청 > 교육 CEO에게 권하는 책-2017
340,책벌레들의 책 없는 방학,아동,힐러리 매케이,,시공주니어,2011-02-20,,0,9000,교육청 > 경남교육청 > 좋은 성격 형성을 위한 책
341,새는 날아가면서 뒤돌아보지 않는다,문학,류시화,,더숲,2017-02-25,9791186900222,280,14000,교육청 > 경남교육청 > 교육 CEO에게 권하는 책-2017
342,엄마하고 나하고,아동,장경원,,느림보,2011-03-03,,0,11000,교육청 > 경남교육청 > 좋은 성격 형성을 위한 책
343,난 별명이 싫어요,아동,류선희,,리틀씨앤톡,2010-10-25,,0,9000,교육청 > 경남교육청 > 좋은 성격 형성을 위한 책
344,손으로 말하는 아이,아동,상드린 보,,스콜라,2016-11-15,9788962477818,96,9800,교육청 > 경남교육청 > 교육 CEO에게 권하는 책-2017
345,"히든 피겨스 (여성이었고, 흑인이었고, 영웅이었다)",문학,마고 리 셰털리,,노란상상,2017-03-22,9788997367818,264,11500,교육청 > 경남교육청 > 교육 CEO에게 권하는 책-2017
346,나도 같이 놀고 싶단 말이야,아동,로렌 차일드,,국민서관,2011-02-28,,0,10000,교육청 > 경남교육청 > 좋은 성격 형성을 위한 책
347,아이들 눈에 비친 어른 세상 그리고 나,아동,주디스 라자르,,산수야,2011-02-15,,0,12000,교육청 > 경남교육청 > 좋은 성격 형성을 위한 책
348,아빠의 인생 사용법,아동,토마 스코토,,어린이작가정신,2011-02-22,,0,8500,교육청 > 경남교육청 > 좋은 성격 형성을 위한 책
349,악동 삼총사 희망을 쏘다,아동,고정욱,,아이앤북,2010-12-20,,0,9000,교육청 > 경남교육청 > 좋은 성격 형성을 위한 책
350,열정페이는 개나 줘 (일하는 청소년이 알아야 할 법 상식),사회,창작크루 고온,,탐,2016-10-28,9788964963173,208,10000,교육청 > 경남교육청 > 교육 CEO에게 권하는 책-2017
351,내 쪽으론 숨도 쉬지 않았다 (제5회 한우리 문학상 청소년 부문 당선작),문학,장혜서,,한우리문학,2016-04-15,9791156550341,168,10000,교육청 > 경남교육청 > 교육 CEO에게 권하는 책-2016
352,나눔으로 세상을 바꿀 수 있어요,아동,곽영미,,북오션,2010-12-01,,0,11000,교육청 > 경남교육청 > 좋은 성격 형성을 위한 책
353,내 아들아 너는 인생을 이렇게 살아라,어린이,필립 체스터필드,,을유문화사,2001-02-20,,0,7000,교육청 > 경남교육청 > 좋은 성격 형성을 위한 책
354,네가 세상에 처음 왔을때,아동,선안나,,학고재,2010-12-15,,0,11000,교육청 > 경남교육청 > 좋은 성격 형성을 위한 책
355,안목,역사,유홍준,,눌와,2017-01-31,9788990620866,320,20000,교육청 > 경남교육청 > 교육 CEO에게 권하는 책-2017
356,거짓말 같은 이야기 (2011 볼로냐 국제 어린이 도서전 라가치 상),아동,강경수,,시공주니어,2011-02-20,,0,9500,교육청 > 경남교육청 > 좋은 성격 형성을 위한 책
357,너는 기적이야,아동,최숙희,,책읽는곰,2010-09-09,,0,10000,교육청 > 경남교육청 > 좋은 성격 형성을 위한 책
358,지혜를 배우러 가는 길,아동,알렉스 캐브레라,,파인앤굿,2011-02-15,,0,10000,교육청 > 경남교육청 > 좋은 성격 형성을 위한 책
359,나는 아이로서 누릴 권리가 있어요,아동,알랭 세레,,고래이야기,2010-12-15,,0,11500,교육청 > 경남교육청 > 좋은 성격 형성을 위한 책
360, 소리내어 읽는 즐거움 (삶을 바꾸는 '우리말 낭독'의 힘)  ,문학,정여울,,홍익출판사,2016-10-09,9788970655499,312,14800,교육청 > 경남교육청 > 교육 CEO에게 권하는 책-2016
361,"레오, 나의 유령 친구",아동,맥 바넷,,사계절,2016-02-29,9788958289586,52,11000,교육청 > 경남교육청 > 교육 CEO에게 권하는 책-2016
362,"그렇게, 아버지가 된다",문학,윤용인,,알키,2016-03-15,9788952782014,248,13800,교육청 > 경남교육청 > 교육 CEO에게 권하는 책-2016
363,별이네 옥수수밭 손님들,아동,김정희,,산하,2010-11-10,,0,9800,교육청 > 경남교육청 > 좋은 성격 형성을 위한 책
364,학교 가기 싫은 아이들이 다니는 학교,아동,송미경,,웅진주니어,2010-11-15,,0,9000,교육청 > 경남교육청 > 좋은 성격 형성을 위한 책
365,콩 하나면 되겠니,아동,배유안,,창비,2010-06-01,,0,8500,교육청 > 경남교육청 > 좋은 성격 형성을 위한 책
366,일단 앉아 봐 (심리학 좀 공부해 본 선생님이 들려주는 인생 꿀팁),사회,에런 밸릭,,내인생의책,2016-02-17,9791157232390,164,14000,교육청 > 경남교육청 > 교육 CEO에게 권하는 책-2016
367,도둑왕 아모세,아동,유현산,,창비,2016-03-25,9788936442859,184,9800,교육청 > 경남교육청 > 교육 CEO에게 권하는 책-2016
368,도깨비 쌀과 쌀 도깨비,아동,김율희,,개암나무,2010-04-30,,0,9000,교육청 > 경남교육청 > 좋은 성격 형성을 위한 책
369,짜릿하고도 씁쓸한 올림픽 이야기,아동,김성호,,사계절,2015-10-30,9788958289043,132,12000,교육청 > 경남교육청 > 교육 CEO에게 권하는 책-2016
370,큰사람 장길손 (우리 땅을 만들다),아동,송아주,,도토리숲,2016-03-17,9791185934204,48,12000,교육청 > 경남교육청 > 교육 CEO에게 권하는 책-2016
371,내겐 드레스 백 벌이 있어,아동,엘레노어 에스테스,,비룡소,2002-01-11,,0,7500,교육청 > 경남교육청 > 좋은 성격 형성을 위한 책
372,고래를 찾는 자전거,아동,김영호 (원작)|김영로 (원작)|곽영미|김영호|김영로,,계림북스,2011-05-02,,0,8000,교육청 > 경남교육청 > 좋은 성격 형성을 위한 책
373,"모지스 할머니, 평범한 삶의 행복을 그리다",예술,이소영,,홍익출판사,2016-04-05,9788970655314,176,12800,교육청 > 경남교육청 > 교육 CEO에게 권하는 책-2016
374,엄마를 기다릴게,문학,스와티 아바스티,,작가정신,2016-02-11,9788972886495,440,13800,교육청 > 경남교육청 > 교육 CEO에게 권하는 책-2016
375,칭찬의 심리학 (칭찬을 하면 좋은 일이 생긴다),총류,와다 히데키,,케이디북스,2010-12-15,,0,11500,교육청 > 경남교육청 > 좋은 성격 형성을 위한 책
376,덕질로 인생역전 (유쾌한 밥줄을 찾는 열두 가지 방법),문학,대학내일20대연구소|빙글,,중앙북스,2016-03-14,9788927807391,224,13800,교육청 > 경남교육청 > 교육 CEO에게 권하는 책-2016
377,10대를 위한 가슴이 시키는 일 (꿈 도전 그리고 희망과 열정),어린이,김이율,,판테온하우스,2011-06-10,,0,12800,교육청 > 경남교육청 > 좋은 성격 형성을 위한 책
378,어린이를 위한 경청 (좋은 친구를 사귀는 힘),아동,정진,,위즈덤하우스,2008-04-20,,0,9000,교육청 > 경남교육청 > 좋은 성격 형성을 위한 책
379,희망이 청춘에게 답하다 (꿈꾸는 청춘들에게 보내는 희망 편지 114),어린이,이신화,,화담,2011-06-30,,0,12000,교육청 > 경남교육청 > 좋은 성격 형성을 위한 책
380,금연학교 (박현숙 장편소설),문학,박현숙,,자음과모음,2016-05-10,9788954435949,260,12000,교육청 > 경남교육청 > 교육 CEO에게 권하는 책-2016
381,분홍문의 기적,아동,강정연,,비룡소,2016-04-29,9788949121727,212,9500,교육청 > 경남교육청 > 교육 CEO에게 권하는 책-2016
382,풀꽃도 꽃이다 1 (조정래 장편소설),문학,조정래,,해냄출판사,2016-07-12,9788965745617,397,13800,교육청 > 경남교육청 > 교육 CEO에게 권하는 책-2016
383,십대답게 살아라 (내 삶에 태클 거는 바이러스 퇴치법),어린이,문지현,,뜨인돌출판사,2008-12-15,,0,9500,교육청 > 경남교육청 > 좋은 성격 형성을 위한 책
384,참 아름다운 당신,총류,박정애|도종환|공선옥|복효근|김중미,,우리교육,2009-11-12,,0,10000,교육청 > 경남교육청 > 좋은 성격 형성을 위한 책
385,10대에 알았더라면 좋았을 것들 1 (꿈을 이루어주는 백만불짜리 멘토링 36),어린이,김태광,,문예춘추사,2010-10-15,,0,12000,교육청 > 경남교육청 > 좋은 성격 형성을 위한 책
386,청소년을 위한 음식의 사회학 (음식 속에 담긴 세상을 배우다),사회,폴라 에이어,,그린북,2016-05-12,9788955883183,208,13000,교육청 > 경남교육청 > 교육 CEO에게 권하는 책-2016
387,청소년을 위한 마지막 강의,어린이,윤승일,,살림,2009-04-28,,0,11000,교육청 > 경남교육청 > 좋은 성격 형성을 위한 책
388,마중물 (마음을 여는 신뢰의 물),총류,박현찬,,위즈덤하우스,2010-08-30,,0,12000,교육청 > 경남교육청 > 좋은 성격 형성을 위한 책
389,한 걸음만 더 (절망을 희망으로 바꾸는 마지막 행동),총류,스티븐 C. 런딘|카 헤이저먼,,김영사,2008-10-11,,0,10000,교육청 > 경남교육청 > 좋은 성격 형성을 위한 책
390,돈을 공짜로 드립니다!,아동,페레 코메야스,,책속물고기,2016-02-10,9791186670224,64,9500,교육청 > 경남교육청 > 교육 CEO에게 권하는 책-2016
391,"심영순, 고귀한 인생 한 그릇 (평범한 인생을 귀하게 만든 한식 대가의 마음 수업(인플루엔셜 대가의 지혜)",문학,심영순,,인플루엔셜,2016-07-18,9791186560181,336,15000,교육청 > 경남교육청 > 교육 CEO에게 권하는 책-2016
392,내 주머니 속의 괴물,아동,그라시엘라 몬테스,,푸른숲,2009-06-15,,0,8500,교육청 > 경남교육청 > 좋은 성격 형성을 위한 책
393,저커버그 이야기,문학,주디 L. 해즈데이,,움직이는서재,2016-06-05,9791186592298,295,14000,교육청 > 경남교육청 > 교육 CEO에게 권하는 책-2016
394,완벽한 친구를 만드는 방법,문학,마르티나 빌드너,,라임,2016-07-29,9791185871455,224,9800,교육청 > 경남교육청 > 교육 CEO에게 권하는 책-2016
395,구멍 난 벼루 (김정희와 허련의 그림 이야기),아동,배유안,,토토북,2016-03-28,9788964963036,156,10000,교육청 > 경남교육청 > 교육 CEO에게 권하는 책-2016
396,만점짜리 도시락,아동,구스노키 시게노리,,스콜라,2016-05-10,9788962477320,32,11000,교육청 > 경남교육청 > 교육 CEO에게 권하는 책-2016
397,기분 나빴다면 미안해!?,철학/심리학/윤리학,이남석,,라임,2016-07-20,9791185871448,188,12800,교육청 > 경남교육청 > 교육 CEO에게 권하는 책-2016
398,별걸 다재는 단위이야기,자연과학,호시다타다히코,,어바웃어북,2016-09-01,9791187150121,264,15000,교육청 > 경남교육청 > 교육 CEO에게 권하는 책-2016
399,뒷집 준범이,아동,이혜란,,보림,2011-03-28,,0,10000,교육청 > 경남교육청 > 좋은 성격 형성을 위한 책
400,지우개 따먹기 법칙,아동,유순희,,푸른책들,2011-03-10,,0,9000,교육청 > 경남교육청 > 좋은 성격 형성을 위한 책
401,코끼리에게 날개 달아주기 (이외수의 감성산책),총류,이외수,,해냄출판사,2011-01-05,,0,12800,교육청 > 경남교육청 > 좋은 성격 형성을 위한 책
402,엘 데포 (특별한 아이와 진실한 친구 이야기),아동,시시 벨,,밝은미래,2016-07-15,9788965462385,248,14500,교육청 > 경남교육청 > 교육 CEO에게 권하는 책-2016
403,"안녕, 울적아",아동,안나 워커,,키다리,2016-09-10,9791157851270,40,12000,교육청 > 경남교육청 > 교육 CEO에게 권하는 책-2016
404,준비가 알차면 직업이 즐겁다,총류,탁석산,,창비,2009-10-25,9788936458058,0,0,교육청 > 경남교육청 > 진로와 관련된 책
405,뭉클 (마음과 마음이 만나는 소리),총류,좋은생각 편집부,,좋은생각,2010-08-25,,0,10000,교육청 > 경남교육청 > 좋은 성격 형성을 위한 책
406,당신의 입을 다스려라 (후회 없는 삶을 만드는 첫 번째 원칙),총류,로버트 제누아,,바다출판사,2011-09-03,,0,13800,교육청 > 경남교육청 > 좋은 성격 형성을 위한 책
407,성격심리학,철학/심리학/윤리학,Charles S. Carner|Michael F. Scheier,,학지사,2012-09-10,,0,25000,교육청 > 경남교육청 > 좋은 성격 형성을 위한 책
408,성격의 발견 (내 안에 잠재된 기질 성격 재능에 관한 비밀),총류,제롬 케이건,,시공사,2011-05-31,,0,15000,교육청 > 경남교육청 > 좋은 성격 형성을 위한 책
409,입시를 이기는 행복력 공부,어린이,시미즈 요시노리,,v,2009-04-07,9788995994924,0,0,교육청 > 경남교육청 > 진로와 관련된 책
410,한국예술종합학교 이야기(일만시간의 몰입),총류,현재원,,|청어람,2011-03-28,9788993912517,0,0,교육청 > 경남교육청 > 진로와 관련된 책
411,내 인생을 특별하게 만들어 줄 멋진 직업,총류,캐롤린 보이스,,행간,2009-09-30,9788992714464,0,0,교육청 > 경남교육청 > 진로와 관련된 책
412,세상을 바꾸는 천 개의 직업,총류,박원순,,문학동네,2011-10-07,9788954616188,0,0,교육청 > 경남교육청 > 진로와 관련된 책
413,두려워 마라 지나고 나면 별것 아니다 (내일은 지금 이 순간 시작된다),총류,안상헌,,북포스,2011-10-10,,0,13000,교육청 > 경남교육청 > 좋은 성격 형성을 위한 책
414,행복이 낯선 당신에게,철학/심리학/윤리학,우베 뵈셰마이어,,서돌,2011-10-04,,0,12000,교육청 > 경남교육청 > 좋은 성격 형성을 위한 책
415,여행도 하고 돈도버는 여행작가 한번 해볼까?,총류,"채지형, 김남경",,위즈덤하우스 ,2009-08-28,9788960861961,0,0,교육청 > 경남교육청 > 진로와 관련된 책
416,청년독립선언,총류,"엄명종, 정강욱, 정민규",,심통 ,2010-07-20,9788996468905,0,0,교육청 > 경남교육청 > 진로와 관련된 책
417,대한민국어린이라면 꼭알아야 할 세계사 100대 사건,아동,전지은,,예림당,2010-02-18,,0,9500,교육청 > 경남교육청 > 좋은 성격 형성을 위한 책
418,오렌지 1KG 그리고 삶은 계속된다 (사거리의 거북이 06),어린이,로젤린느 모렐,,청어람주니어(청어람M&B),2008-11-25,,0,8500,교육청 > 경남교육청 > 좋은 성격 형성을 위한 책
419,칭찬의 심리학 (칭찬을 하면 좋은 일이 생긴다),총류,와다 히데키,,케이디북스,2010-12-15,,0,11500,교육청 > 경남교육청 > 좋은 성격 형성을 위한 책
420,꿈꾸는 다락방2 실천편,총류,이지성,,국일미디어,2008-07-28,9788974255282,0,0,교육청 > 경남교육청 > 진로와 관련된 책
421,청소년의 진로탐색과 결정,문학,문승태,,한국학술정보,2006-09-20,9788953456723,0,0,교육청 > 경남교육청 > 진로와 관련된 책
422,대한민국 10대를 인터뷰하다,문학,김순천,,동녘,2009-08-31,9788972976011,0,0,교육청 > 경남교육청 > 진로와 관련된 책
423,꿈 희망 미래,사회,스티브 김,,21세기북스,2011-01-17,9788950928186,0,0,교육청 > 경남교육청 > 진로와 관련된 책
424,외로워서 그랬어요 (열일곱을 위한 청춘 상담),어린이,문경보,,샨티,2011-07-29,,0,13000,교육청 > 경남교육청 > 좋은 성격 형성을 위한 책
425,못난 것도 힘이 된다,어린이,이상석,,양철북,2010-04-14,,0,10000,교육청 > 경남교육청 > 좋은 성격 형성을 위한 책
426,열네살 2,어린이,타니구치 지로,,샘터사,2004-04-25,,0,7000,교육청 > 경남교육청 > 좋은 성격 형성을 위한 책
427,진학보다 진로를 먼저 생각하는 10대의 미래지도,어린이,강보영,,노란우산,2010-02-20,9788963055107,0,0,교육청 > 경남교육청 > 진로와 관련된 책
428,우리 아이 진로 학교보다 부모가 먼저다,기술과학,헤더 카펜터,,샘터(샘터사),2010-10-30,9788946417748,0,0,교육청 > 경남교육청 > 진로와 관련된 책
429,나만의 북극성을 찾아라1(진로탐색편),어린이,"홍기운, 김승",,미디어숲,2012-01-27,9788991907393,0,0,교육청 > 경남교육청 > 진로와 관련된 책
430,대한민국 청소년에게2,문학,강수돌 외,,바이북스,2012-02-15,9788992467629,0,0,교육청 > 경남교육청 > 진로와 관련된 책
431,열일곱 살의 인생론 (성장을 위한 철학 에세이),철학/심리학/윤리학,안광복,,사계절,2010-01-12,,0,9800,교육청 > 경남교육청 > 좋은 성격 형성을 위한 책
432,내 청춘 시속 370km,어린이,이송현,,사계절,2011-08-30,,0,9800,교육청 > 경남교육청 > 좋은 성격 형성을 위한 책
433,선물은 누구의 것이 될까 (철학 교수가 들려주는 지혜 이야기),철학/심리학/윤리학,제브데트 클르츠,,푸른숲주니어,2011-10-27,,0,9000,교육청 > 경남교육청 > 좋은 성격 형성을 위한 책
434,덤벼라 인생,문학,"고성국,남경태",,철수와영희,2012-02-10,9788993463224,0,0,교육청 > 경남교육청 > 진로와 관련된 책
435,나의 진로 포트폴리오 만들기,어린이,"조경희,김연미,김태옥",,씨마스,2011-12-09,9788991812543,0,0,교육청 > 경남교육청 > 진로와 관련된 책
436,비전있는 진로 가이드(소녀들을 위한),아동,해바라기,,지경사,2003-09-25,9788931915846,0,0,교육청 > 경남교육청 > 진로와 관련된 책
437,미대 나와서 무얼 할까,총류,박정준,,안그라픽스 ,2011-05-30,9788970595856,0,0,교육청 > 경남교육청 > 진로와 관련된 책
438,행복교과서 (청소년들의 행복 수업을 위한 첫걸음),어린이,서울대학교 행복연구센터,,주니어김영사,2013-02-25,,0,9800,교육청 > 경남교육청 > 좋은 성격 형성을 위한 책
439,나의 마음을 들어 줘,아동,샤론 M. 드레이퍼,,개암나무,2011-10-05,,0,11000,교육청 > 경남교육청 > 좋은 성격 형성을 위한 책
440,우리집 베란다에 방울토마토가 자라요,아동,박희란,,살림어린이,2010-11-15,,0,10000,교육청 > 경남교육청 > 좋은 성격 형성을 위한 책
441,열다섯 살 하영이의 스웨덴 학교 이야기,문학,이하영,,양철북,2008-10-27,9788990220875,0,0,교육청 > 경남교육청 > 진로와 관련된 책
442,지금 고민한 만큼 너는 단단해질 것이다,총류,존 맥스웰,,애플북스,2011-12-23,9788994353142,0,0,교육청 > 경남교육청 > 진로와 관련된 책
443,꿈의 로켓을 쏘다,문학,채연석,,북하우스,2008-10-24,9788956053011,0,0,교육청 > 경남교육청 > 진로와 관련된 책
444,일본신문 장학생,총류,김용기,,이비락,2011-03-21,9788962450583,0,0,교육청 > 경남교육청 > 진로와 관련된 책
445,꽃필날 (오늘은 나의 꽃을 위해 당신의 가슴이 필요한 날입니다),총류,손명찬,,좋은생각,2011-10-31,,0,13000,교육청 > 경남교육청 > 좋은 성격 형성을 위한 책
446,웃음 1 (베르나르 베르베르 장편소설),문학,베르나르 베르베르,,열린책들,2011-10-27,,0,11800,교육청 > 경남교육청 > 좋은 성격 형성을 위한 책
447,그 사람을 본 적이 있나요 (김려명 장편소설),문학,김려령,,문학동네,2011-08-25,,0,10500,교육청 > 경남교육청 > 좋은 성격 형성을 위한 책
448,바보처럼 공부하고 천재처럼 꿈꿔라 시즌2,문학,김의식,,명진출판사,2012-06-13,9788976776822,0,0,교육청 > 경남교육청 > 진로와 관련된 책
449,오바마대통령의 꿈,아동,한봉지,,리젬,2009-01-20,9788992826204,0,0,교육청 > 경남교육청 > 진로와 관련된 책
450,거위의 꿈 폴포츠,아동,박현성,,리젬,2009-06-05,9788992826228,0,0,교육청 > 경남교육청 > 진로와 관련된 책
451,행복바이러스 안철수,아동,안철수,,리젬,2009-09-05,9788992826259,0,0,교육청 > 경남교육청 > 진로와 관련된 책
452,사회학 에세이 (구정화 교수가 들려주는 교실 밖 세상 이야기),어린이,구정화,,해냄출판사,2012-05-25,,0,13000,교육청 > 경남교육청 > 좋은 성격 형성을 위한 책
453,그러니까 웃어요,총류,이미숙,,마음의숲,2010-12-15,,0,13000,교육청 > 경남교육청 > 좋은 성격 형성을 위한 책
454,30년만의 휴식 (마음의 평안과 자유를 얻은),총류,이무석,,비전과리더십,2006-05-09,,0,12000,교육청 > 경남교육청 > 좋은 성격 형성을 위한 책
455,진로교육 아이의 미래를 멘토링하다,기술과학,조진표,,주니어김영사,2012-06-08,9788934957867,0,0,교육청 > 경남교육청 > 진로와 관련된 책
456,청소년진로코칭,문학,허은영,,우리교육,2012-03-30,9788980406715,0,0,교육청 > 경남교육청 > 진로와 관련된 책
457,자기소개서 진로설계서로 미래를 폼나게 디자인하라,어린이,"김세정, 서유리",,아주큰선물,2012-01-20,9788991891678,0,0,교육청 > 경남교육청 > 진로와 관련된 책
458,청춘의 진로교실,총류,야마다 즈니,,프렌즈,2011-06-15,9788996645603,0,0,교육청 > 경남교육청 > 진로와 관련된 책
459,왜 학교에 가야 하나요?,아동,하르트무트 폰 헨티히,,비룡소,2003-08-18,9788949190204,0,0,교육청 > 경남교육청 > 진로와 관련된 책
460,365 Thank You 땡큐 (마음을 감동시키는 힘),총류,존 크랠릭,,한국경제신문,2011-12-05,,0,13800,교육청 > 경남교육청 > 좋은 성격 형성을 위한 책
461,내 마음을 만지다 (이봉희 교수의 문학치유 카페),총류,이봉희,,생각속의집,2011-11-21,,0,13800,교육청 > 경남교육청 > 좋은 성격 형성을 위한 책
462,달의 뒤편으로 간 사람,아동,베아 우스마 쉬페르트,,비룡소,2009-07-20,9788949187075,0,0,교육청 > 경남교육청 > 진로와 관련된 책
463,어린이를 위한 미래직업 100,아동,"최정원,정미선",,이케이북,2013-05-07,9788996897354,0,0,교육청 > 경남교육청 > 진로와 관련된 책
464,창의력 오렌지,사회,팻 팰런 ,,세종서적,2008-09-20,9788984072749,0,0,교육청 > 경남교육청 > 창의성을 기르는 책
465,오늘 내가 살아갈 이유,총류,위지안,,예담,2011-12-20,,0,12900,교육청 > 경남교육청 > 좋은 성격 형성을 위한 책
466,재운이_윤동재,어린이,윤동재,,한국문학도서관,1984-05-05,,0,4000,교육청 > 경남교육청 > 좋은 성격 형성을 위한 책
467,마음,문학,나쓰메 소세키,,웅진닷컴,2002-12-06,,0,8500,교육청 > 경남교육청 > 좋은 성격 형성을 위한 책
468,엄마 딸이라서 행복해 (오늘 미워하고 내일 또 사랑하는 엄마와 딸 이야기),총류,홍희선,,랜덤하우스코리아,2011-12-22,,0,13000,교육청 > 경남교육청 > 좋은 성격 형성을 위한 책
469,창의력은밥이다,총류,김광희,,|넥서스 BIZ ,2011-11-30,9788957979389,0,0,교육청 > 경남교육청 > 창의성을 기르는 책
470,창의성 101,문학,JAMES C. KAUFMAN ,,시그마프리스,2010-01-22,9788958327431,0,0,교육청 > 경남교육청 > 창의성을 기르는 책
471,자신의 고정관념을 탈피하는 창의력 아이디어,총류,이호철,,북오션,2008-06-25,9788996033431,0,0,교육청 > 경남교육청 > 창의성을 기르는 책
472,리더를 위한 미술 창의력 발전소,총류,이주현,,위즈덤하우스,2008-09-26,9788960861343,0,0,교육청 > 경남교육청 > 창의성을 기르는 책
473,곰탕에 꽃 한 송이 (밥에 숨은 놀랍고도 맛있는 철학),철학/심리학/윤리학,함영,,웅진뜰,2012-03-08,,0,15000,교육청 > 경남교육청 > 좋은 성격 형성을 위한 책
474,모듈,예술,성기완,,문학과지성사,2012-03-02,,0,12000,교육청 > 경남교육청 > 좋은 성격 형성을 위한 책
475,슬픔의 위안 (어느 날 찾아온 슬픔을 가만히 응시하게 되기까지),문학,론 마라스코|브라이언 셔프,,현암사,2012-03-05,,0,13000,교육청 > 경남교육청 > 좋은 성격 형성을 위한 책
476,소녀의 창의 스케치북,아동,한나 코헨,,진선출판사,2012-02-24,9788972217404,0,0,교육청 > 경남교육청 > 창의성을 기르는 책
477,"엉뚱발랄 인기 짱 창의력 있는 아이, 창의력 없는 아이",아동,황은영,,글송이,2010-12-30,9788955726190,0,0,교육청 > 경남교육청 > 창의성을 기르는 책
478,절대강자 (이외수의 인생 정면 대결법),문학,이외수,,해냄출판사,2011-12-06,,0,13800,교육청 > 경남교육청 > 좋은 성격 형성을 위한 책
479,내 인생의 양탄자,문학,카타리나 모렐로,,개암나무,2012-03-05,,0,11000,교육청 > 경남교육청 > 좋은 성격 형성을 위한 책
480,호기심이 샘솟는 창의력 미술가게,아동,"장부남, 남기희",,혜지원,2010-06-15,9788983796547,0,0,교육청 > 경남교육청 > 창의성을 기르는 책
481,창의성 키우는 독서학교,어린이,조미아,,경향에듀,2010-01-13,9788990991935,0,0,교육청 > 경남교육청 > 창의성을 기르는 책
482,삶을 역전시키는 창의성 유머,총류,김종석,,모아북스,2011-03-09,9788990539878,0,0,교육청 > 경남교육청 > 창의성을 기르는 책
483,창의 논리학 방패의 논리학,문학,"니컬러스 캐펄디, 마일스 스미트",,교양인,2012-03-25,9788991799691,0,0,교육청 > 경남교육청 > 창의성을 기르는 책
484,얘들아 창의성이 밥 먹여 준대,어린이,황다솜,,꿈의열쇠 ,2012-01-20,9788996421665,0,0,교육청 > 경남교육청 > 창의성을 기르는 책
485,톤즈의 약속 (이태석 신부 이야기),문학,이병승,,실천문학사,2011-08-29,,0,10000,교육청 > 경남교육청 > 좋은 성격 형성을 위한 책
486,나의 작은 새 (일본 로보우노이시 문학상 수상작),문학,에쿠니 가오리,,소담출판사,2012-02-14,,0,11500,교육청 > 경남교육청 > 좋은 성격 형성을 위한 책
487,원예반 소년들,어린이,우오즈미 나오코,,양철북,2012-03-26,,0,9000,교육청 > 경남교육청 > 좋은 성격 형성을 위한 책
488,마르지 않는 창의성,총류,에릭 메이슬,,도솔,2009-06-27,9788972202318,0,0,교육청 > 경남교육청 > 창의성을 기르는 책
489,창의성 네 머리를 깨워라,자연과학,박범익,,산소리,2007-05-17,9788995860533,0,0,교육청 > 경남교육청 > 창의성을 기르는 책
490,한 손에 잡히는 창의사고 I'M ATH,어린이,정원용,,씨실과날실,2008-05-10,9788995995624,0,0,교육청 > 경남교육청 > 창의성을 기르는 책
491,꿈의 학교 론 클라크 아카데미,문학,론 클라크,,김영사,2012-05-21,9788934956808,0,0,교육청 > 경남교육청 > 창의성을 기르는 책
492,춤추는 평화 (자연과 놀고 사람과 놀고 역사와 놀고 노래와 놀며 캐낸 평화 이야기 평화),어린이,홍순관,,탐,2012-03-21,,0,13000,교육청 > 경남교육청 > 좋은 성격 형성을 위한 책
493,다른 게 나쁜 건 아니잖아요 (아름다운 공존을 위한 다문화 이야기),어린이,SBS스페셜 제작팀,,꿈결,2012-03-12,,0,13000,교육청 > 경남교육청 > 좋은 성격 형성을 위한 책
494,두려움에게 인사하는 법 (제5회 창비청소년문학상 수상작),어린이,김이윤,,창비,2012-03-23,,0,9500,교육청 > 경남교육청 > 좋은 성격 형성을 위한 책
495,생각깨우기,아동,이어령,,푸른숲주니어,2014-06-23,9788971846223,0,0,교육청 > 경남교육청 > 창의성을 기르는 책
496,철학을 담은 잔소리 통조림,아동,마크 젤먼,,보물창고,2011-10-05,9788961702447,0,0,교육청 > 경남교육청 > 창의성을 기르는 책
497,과학 선생님 독일 가다,자연과학,"한문정, 홍준의, 김현빈, 이봉우",,푸른숲,2009-04-24,9788971848081,0,0,교육청 > 경남교육청 > 창의성을 기르는 책
498,이그노벨상 이야기(천재와 바보의 경계에 선 괴짜들의 노벨상),자연과학,마크 에이브러햄스,,살림,2010-10-07,9788952215017,0,0,교육청 > 경남교육청 > 창의성을 기르는 책
499,난 아프지 않아 (청소년 테마 소설집),어린이,이경혜|구경미|김도연|권정현|이병승,,북멘토,2012-03-30,,0,12000,교육청 > 경남교육청 > 좋은 성격 형성을 위한 책
500,청소년을 위한 시크릿 (수 세기 동안 단지 1%만이 알았던 꿈과 희망의 비밀),어린이,박은몽,,살림FRIENDS,2008-06-11,,0,11000,교육청 > 경남교육청 > 좋은 성격 형성을 위한 책
501,멋진 신세계와 판도라의 상자,자연과학,연세과학기술과 사회연구 포럼,,문학과 지성사,2009-10-29,9788932020044,0,0,교육청 > 경남교육청 > 좋은 성격 형성을 위한 책
502,노빈손 이상기후의 정체를 밝혀라,문학,장은선,,뜨인돌,2012-06-01,9788958073833,0,0,교육청 > 경남교육청 > 창의성을 기르는 책
503,처음 읽는 우주의 역사,자연과학,이지유,,휴머니스트,2012-09-10,9788958625384,0,0,교육청 > 경남교육청 > 창의성을 기르는 책
504,에너지 세계일주,자연과학,블랑딘 앙투안,,살림,2011-04-11,9788952215000,0,0,교육청 > 경남교육청 > 창의성을 기르는 책
505,내 식탁 위의 책들 (세상에서 제일 맛있는 종이 위의 음식들),문학,정은지,,앨리스,2012-04-27,,0,13000,교육청 > 경남교육청 > 좋은 성격 형성을 위한 책
506,내 왼쪽 무릎에 박힌 별,문학,모모 카포르,,푸른숲,2007-12-28,,0,8500,교육청 > 경남교육청 > 좋은 성격 형성을 위한 책
507,동화작가 고정욱이 십대에게 들려주는 깍두기 인생론,어린이,고정욱,,샨티,2011-09-15,,0,13000,교육청 > 경남교육청 > 좋은 성격 형성을 위한 책
508,미스터퐁 과학에 빠지다,자연과학,송은영,,부키,2011-10-24,9788960511828,0,0,교육청 > 경남교육청 > 좋은 성격 형성을 위한 책
509,전쟁 이야기 속에 숨은 과학을 찾아라,아동,위빙정/정주은,,찰리북,2013-05-20,9788994368214,0,0,교육청 > 경남교육청 > 창의성을 기르는 책
510,텐텐영화단,문학,김혜정,,사계절출판사,2013-05-30,9788958286752,0,0,교육청 > 경남교육청 > 창의성을 기르는 책
511,길 위의 책 (제3회 푸른문학상 수상작),어린이,강미,,푸른책들,2005-12-30,,0,11000,교육청 > 경남교육청 > 좋은 성격 형성을 위한 책
512,꽃잎의 말로 편지를 쓴다 (문학집배원 도종환의 시배달),문학,도종환,,창비,2007-05-21,,0,10000,교육청 > 경남교육청 > 좋은 성격 형성을 위한 책
513,그래도 괜찮아,어린이,안오일,,푸른책들,2010-11-25,,0,8800,교육청 > 경남교육청 > 좋은 성격 형성을 위한 책
514,오 행복한 카시페로,문학,그라시엘라 몬테스,,푸른숲,2006-09-05,,0,8500,교육청 > 경남교육청 > 좋은 성격 형성을 위한 책
515,내겐 드레스 백벌이 있어,아동,엘레노어 에스테스,,비룡소,2002-01-11,9788949170510,0,0,교육청 > 경남교육청 > 좋은 성격 형성을 위한 책
516,고래를 찾는 자전거,아동,곽영미,,계림북스,2011-05-02,9788953313873,0,0,교육청 > 경남교육청 > 좋은 성격 형성을 위한 책
517,생각한다는 것,문학,고병권,,너머학교,2010-03-31,9788994407005,0,0,교육청 > 경남교육청 > 좋은 성격 형성을 위한 책
518,화나면 흥분하는 사람 화날수록 침착한 사람,총류,바바라 베르크한,,청림출판,2001-04-20,8935204420,0,0,교육청 > 경남교육청 > 좋은 성격 형성을 위한 책
519,위대한 개츠비,문학,F. 스콧 피츠제럴드,,온스토리,2013-03-11,,0,13000,교육청 > 경남교육청 > 좋은 성격 형성을 위한 책
520,"받아들임 (자책과 후회없이 나를 사랑하는 법, 지금 이 순간 있는 그대로)",문학,타라 브랙,,불광출판사,2012-04-30,,0,19800,교육청 > 경남교육청 > 좋은 성격 형성을 위한 책
521,느티는 아프다,문학,이용포,,푸른책들,2006-03-25,,0,8800,교육청 > 경남교육청 > 좋은 성격 형성을 위한 책
522,10대를 위한 가슴이 시키는 일,총류,김이율,,판테온하우스,2011-06-10,9788994943145,0,0,교육청 > 경남교육청 > 좋은 성격 형성을 위한 책
523,어린이를 위한 경청,아동,정진,,위즈덤하우스,2008-04-20,9788960860988,0,0,교육청 > 경남교육청 > 좋은 성격 형성을 위한 책
524,희망이 청춘에게 답하다,총류,이신화,,화담,2011-06-30,9788987835655,0,0,교육청 > 경남교육청 > 좋은 성격 형성을 위한 책
525,십대답게 살아라(내 삶에 태클거는 바이러스 퇴치법,총류,문지현,,뜨인돌출판사,2008-12-15,9788958072485,0,0,교육청 > 경남교육청 > 좋은 성격 형성을 위한 책
526,우리가 버려진 창고에서 발견한 것들,문학,마크 빅터 한센|잭 캔필드,,토네이도,2012-09-10,,0,14000,교육청 > 경남교육청 > 좋은 성격 형성을 위한 책
527,꿈꾸는 황소 (주어진 삶에 익숙해지는 것 그것보다 잔인한 운명은 없다),문학,션 케니프,,살림,2012-06-28,,0,12000,교육청 > 경남교육청 > 좋은 성격 형성을 위한 책
528,참 아름다운 당신,문학,"박정애, 도종환, 공선옥, 복효근, 김중미",,우리교육,2009-11-12,9788980409297,0,0,교육청 > 경남교육청 > 좋은 성격 형성을 위한 책
529,10대에 알았더라면 좋았을 것들,총류,김태광,,문예춘추사,2013-03-20,9788976041180,0,0,교육청 > 경남교육청 > 좋은 성격 형성을 위한 책
530,청소년을 위한 마지막 강의,총류,윤승일,,살림 ,2009-04-28,9788952211194,0,0,교육청 > 경남교육청 > 좋은 성격 형성을 위한 책
531,떨어져야 꽃이다 (내일을 행복하게 해주는 이야기),문학,김병규,,예담,2012-05-10,,0,12000,교육청 > 경남교육청 > 좋은 성격 형성을 위한 책
532,사투리의 맛,아동,류호선,,사계절,2009-10-09,,0,8500,교육청 > 경남교육청 > 좋은 성격 형성을 위한 책
533,마중물,총류,박현찬,,위즈덤하우스,2010-08-30,9788960862852,0,0,교육청 > 경남교육청 > 좋은 성격 형성을 위한 책
534,한 걸음만 더 ,총류,"스티브 런딘, 카 헤이저먼",,김영사,2008-10-11,9788934931584,0,0,교육청 > 경남교육청 > 좋은 성격 형성을 위한 책
535,내가 원래 뭐였는지 알아,어린이,정유소영,,창비,2011-11-30,,0,11000,교육청 > 경남교육청 > 좋은 성격 형성을 위한 책
536,인생수정 (조너선 프랜즌 장편소설),아동,조너선 프랜즌,,은행나무,2012-06-07,,0,18000,교육청 > 경남교육청 > 좋은 성격 형성을 위한 책
537,내 주머니 속의 괴물,아동,그라시엘라 몬테스,,푸른숲,2009-06-15,9788971845875,0,0,교육청 > 경남교육청 > 좋은 성격 형성을 위한 책
538,뒷집 준범이,아동,이혜란,,보림,2011-03-28,9788943308629,0,0,교육청 > 경남교육청 > 좋은 성격 형성을 위한 책
539,지우개 따먹기 법칙,아동,유순희,,푸른책들,2011-03-10,9788957982662,0,0,교육청 > 경남교육청 > 좋은 성격 형성을 위한 책
540,코끼리에게 날개 달아주기,문학,이외수,,해냄,2011-01-05,9788965743019,0,0,교육청 > 경남교육청 > 좋은 성격 형성을 위한 책
541,난 크고 싶어,아동,안드레아 샤빅,,그린북,2002-03-25,,0,8000,교육청 > 경남교육청 > 좋은 성격 형성을 위한 책
542,내가 나인 것 (사계절아동문고 48),문학,야마나카 히사시,,사계절,2003-08-30,,0,8800,교육청 > 경남교육청 > 좋은 성격 형성을 위한 책
543,늑대에겐 겨울이 없다,문학,쿠르트 뤼트겐,,비룡소,2007-11-01,,0,12000,교육청 > 경남교육청 > 좋은 성격 형성을 위한 책
544,호기심 대장 안철수,아동,김옥림,,문이당어린이,2011-02-25,,0,9800,교육청 > 경남교육청 > 꿈이 있는 그림책
545,뭉클(마음과 마음이 만나는 소리),문학,좋은생각 편집부,,좋은생각 ,2010-08-25,9788991934689,0,0,교육청 > 경남교육청 > 좋은 성격 형성을 위한 책
546,뭉클(마음과 마음이 만나는 소리),문학,좋은생각 편집부,,좋은생각 ,2010-08-25,9788991934689,0,0,교육청 > 경남교육청 > 좋은 성격 형성을 위한 책
547,당신의 입을 다스려라,총류,로버트 제누아,,바다출판사,2014-01-20,9788955617016,0,0,교육청 > 경남교육청 > 좋은 성격 형성을 위한 책
548,품격,총류,이시형,,중앙북스,2011-08-22,9788927802488,0,0,교육청 > 경남교육청 > 좋은 성격 형성을 위한 책
549,어느 날 미란다에게 생긴 일,아동,레베카 스테드,,찰리북,2010-04-20,,0,9500,교육청 > 경남교육청 > 꿈이 있는 그림책
550,분황사 우물에는 용이 산다,아동,배유안,,파란자전거,2010-12-01,,0,8900,교육청 > 경남교육청 > 꿈이 있는 그림책
551,책 읽는 왕자 (책 속에 분명히 해답이 있을 거야),아동,재키 프렌치,,예꿈,2011-02-15,,0,10500,교육청 > 경남교육청 > 꿈이 있는 그림책
552,성격심리학,문학,노안영,,학지사,2003-01-10,9788975487613,0,0,교육청 > 경남교육청 > 좋은 성격 형성을 위한 책
553,성격심리학,문학,노안영,,학지사,2003-01-10,9788975487613,0,0,교육청 > 경남교육청 > 좋은 성격 형성을 위한 책
554,성격의 발견,문학,제롬 케이건,,시공사,2011-05-31,9788952761040,0,0,교육청 > 경남교육청 > 좋은 성격 형성을 위한 책
555,두려워 마라 지나고 나면 별 것 아니다,총류,안상헌,,북포스,2011-10-10,9788991120563,0,0,교육청 > 경남교육청 > 좋은 성격 형성을 위한 책
556,러브 유어셀프,총류,로렌스 크래인,,가디언,2011-10-04,9788994909189,0,0,교육청 > 경남교육청 > 좋은 성격 형성을 위한 책
557,아이들 눈에 비친 어른 세상 그리고 나,아동,주디스 라자르,,산수야,2011-02-15,,0,12000,교육청 > 경남교육청 > 꿈이 있는 그림책
558,러브 유어셀프,총류,로렌스 크래인,,가디언,2011-10-04,9788994909189,0,0,교육청 > 경남교육청 > 좋은 성격 형성을 위한 책
559,러브 유어셀프,총류,로렌스 크래인,,가디언,2011-10-04,9788994909189,0,0,교육청 > 경남교육청 > 좋은 성격 형성을 위한 책
560,이상한 그것,아동,김미애,,파란정원,2011-01-10,,0,10000,교육청 > 경남교육청 > 꿈이 있는 그림책
561,앗 도서관의 책들이 사라졌다 (세상 모든 책을 지킨 용감한 아이의 모험),아동,이학건,,토토북,2010-11-30,,0,9500,교육청 > 경남교육청 > 꿈이 있는 그림책
562,악동 삼총사 희망을 쏘다,아동,고정욱,,아이앤북,2010-12-20,,0,9000,교육청 > 경남교육청 > 꿈이 있는 그림책
563,나눔으로 세상을 바꿀 수 있어요,아동,곽영미,,북오션,2010-12-01,,0,11000,교육청 > 경남교육청 > 꿈이 있는 그림책
564,행복이 낯선 당신에게,총류,우베 뵈셰마이어,,서돌,2011-10-04,9788991819610,0,0,교육청 > 경남교육청 > 좋은 성격 형성을 위한 책
565,오렌지 1kg 그리고 삶은 계속된다. ,문학,로젤린느 모렐,,청어람주니어,2009-06-05,9788996252290,0,0,교육청 > 경남교육청 > 좋은 성격 형성을 위한 책
566,외로워서 그랬어요,문학,문경보,,샨티,2011-07-29,9788991075702,0,0,교육청 > 경남교육청 > 좋은 성격 형성을 위한 책
567,네 친구 이야기 (우정에 관한 인도의 우화),아동,라셸 보장 데샹|루이즈 외젤,,비룡소,2010-12-15,,0,9000,교육청 > 경남교육청 > 꿈이 있는 그림책
568,못난 것도 힘이 된다,문학,이상석,,양철북,2010-04-14,9788963720227,0,0,교육청 > 경남교육청 > 좋은 성격 형성을 위한 책
569,"지구별 어른, 어린왕자를 만나다",문학,정희재,,지식의 숲,2011-10-10,9788957978764,0,0,교육청 > 경남교육청 > 좋은 성격 형성을 위한 책
570,인생은 속도가 아니라 방향이다,문학,임마누엘 페스트라이쉬,,노마드북스,2011-09-20,9788991794566,0,0,교육청 > 경남교육청 > 좋은 성격 형성을 위한 책
571,루와 린덴 언제나 함께,아동,고테마리 루이,,한림출판사,2011-02-25,,0,10000,교육청 > 경남교육청 > 꿈이 있는 그림책
572,너는 기적이야,아동,최숙희,,책읽는곰,2010-09-09,,0,10000,교육청 > 경남교육청 > 꿈이 있는 그림책
573,왕실도서관 규장각에서  조선의 보물찾기 (조선 시대의 놀라운 기록 문화),아동,신병주|이혜숙,,책과함께어린이,2010-09-30,,0,11000,교육청 > 경남교육청 > 꿈이 있는 그림책
574,별이네 옥수수밭 손님들,아동,김정희,,산하,2010-11-10,,0,9800,교육청 > 경남교육청 > 꿈이 있는 그림책
575,열네 살,아동,다니구치 지로,,샘터,2004-04-25,9788946414648,0,0,교육청 > 경남교육청 > 좋은 성격 형성을 위한 책
576,열일곱살의 인생론,문학,안광복,,사계절,2010-01-12,9788958284338,0,0,교육청 > 경남교육청 > 좋은 성격 형성을 위한 책
577,내 청춘 시속 370km,문학,이송현,,사계절,2011-08-30,9788958285670,0,0,교육청 > 경남교육청 > 좋은 성격 형성을 위한 책
578,선물은 누구의 것이 될까,문학,제브데트 클르츠,,푸른숲주니어,2011-10-27,9788971849286,0,0,교육청 > 경남교육청 > 좋은 성격 형성을 위한 책
579,학교 가기 싫은 아이들이 다니는 학교,아동,송미경,,웅진주니어,2010-11-15,,0,9000,교육청 > 경남교육청 > 꿈이 있는 그림책
580,콩 하나면 되겠니,아동,배유안,,창비,2010-06-01,,0,8500,교육청 > 경남교육청 > 꿈이 있는 그림책
581,도깨비 쌀과 쌀 도깨비,아동,김율희,,개암나무,2010-04-30,,0,9000,교육청 > 경남교육청 > 꿈이 있는 그림책
582,행복교과서,총류,서울대학교 행복연구센터,,월드김영사,2011-08-10,9788997172030,0,0,교육청 > 경남교육청 > 좋은 성격 형성을 위한 책
583,나의 마음을 들어줘,아동,샤론 M.드레이터,,개암나무,2011-10-05,9788992844659,0,0,교육청 > 경남교육청 > 좋은 성격 형성을 위한 책
584,우리집 베란다에 방울토마토가 자라요,아동,박희란,,살림어린이,2010-11-15,9788952215246,0,0,교육청 > 경남교육청 > 좋은 성격 형성을 위한 책
585,꽃필날,문학,손명찬,,좋은생각,2011-10-31,9788991934108,0,0,교육청 > 경남교육청 > 좋은 성격 형성을 위한 책
586,책 청소부 소소,예술,노인경,,문학동네,2010-12-15,,0,12800,교육청 > 경남교육청 > 꿈이 있는 그림책
587,우린 모두 널 사랑해,아동,질리언 로벨,,가치창조,2005-07-20,,0,7500,교육청 > 경남교육청 > 꿈이 있는 그림책
588,엄마가 화났다,아동,최숙희,,책읽는곰,2011-05-30,,0,10500,교육청 > 경남교육청 > 꿈이 있는 그림책
589,소울푸드,문학,"성석제,백영옥,김창완,김어준,이충걸",,청어람미디어,2011-10-12,9788997162055,0,0,교육청 > 경남교육청 > 좋은 성격 형성을 위한 책
590,웃음1,문학,베르나르베르베르,,열린책들,2011-10-27,9788932915371,0,0,교육청 > 경남교육청 > 좋은 성격 형성을 위한 책
591,그 사람을 본 적이 있나요?,아동,김려령,,문학동네,2011-04-05,9788954614542,0,0,교육청 > 경남교육청 > 좋은 성격 형성을 위한 책
592,구름빵,아동,백희나,,한솔수북(한솔교육),2004-10-01,,0,8500,교육청 > 경남교육청 > 꿈이 있는 그림책
593,찾아라 명화 속 숨은 그림,예술,장세현,,낮은산,2011-06-05,,0,15000,교육청 > 경남교육청 > 꿈이 있는 그림책
594,청소년을 위한 사회학 에세이,문학,구정화,,해냄출판사,2011-09-26,9788965743217,0,0,교육청 > 경남교육청 > 좋은 성격 형성을 위한 책
595,그러니까 웃어요,문학,아가다,,마음의 숲,2010-12-15,9788992783415,0,0,교육청 > 경남교육청 > 좋은 성격 형성을 위한 책
596,30년만의 휴식,총류,이무석,,비전과리더십,2006-05-09,9788990984029,0,0,교육청 > 경남교육청 > 좋은 성격 형성을 위한 책
597,365 Thank You ,문학,존 크랠릭,,한국경제신문사,2011-12-05,9788947528276,0,0,교육청 > 경남교육청 > 좋은 성격 형성을 위한 책
598,미로는 어떤 화가일까,예술,브리타 벤케,,북비,2011-05-20,,0,13000,교육청 > 경남교육청 > 꿈이 있는 그림책
599,내 마음을 만지다,문학,이봉희,,생각속의 집,2011-11-21,9788996525318,0,0,교육청 > 경남교육청 > 좋은 성격 형성을 위한 책
600,오늘 내가 살아갈 이유,문학,위지안,,예담,2011-12-16,9788959136612,0,0,교육청 > 경남교육청 > 좋은 성격 형성을 위한 책
601,오르세미술관전 고흐의 별밤과 화가들의 꿈 (대도록),예술,지엔씨미디어 편집부,,지엔씨미디어,2011-06-01,,0,20000,교육청 > 경남교육청 > 꿈이 있는 그림책
602,패션의 탄생 (만화로 보는 패션 디자이너 히스토리),예술,강민지,,루비박스,2011-05-01,,0,18900,교육청 > 경남교육청 > 꿈이 있는 그림책
603,마당을 나온 암탉 (애니메이션 그림책),아동,황선미,,사계절,2011-06-10,,0,10500,교육청 > 경남교육청 > 꿈이 있는 그림책
604,행복의 편지,문학,장피에르벤다한,,신원문화사,2011-12-30,9788935915811,0,0,교육청 > 경남교육청 > 좋은 성격 형성을 위한 책
605,마음,문학,나쓰메 소세키,,웅진닷컴,2002-12-06,9788901039862,0,0,교육청 > 경남교육청 > 좋은 성격 형성을 위한 책
606,엄마 딸이라서 행복해,문학,홍희선,,랜덤하우스코리아,2011-12-22,9788925545585,0,0,교육청 > 경남교육청 > 좋은 성격 형성을 위한 책
607,곰탕에 꽃 한송이,문학,함영,,웅진뜰,2012-03-08,9788901141114,0,0,교육청 > 경남교육청 > 좋은 성격 형성을 위한 책
608,모듈,문학,성기완,,문학과지성사,2012-03-02,9788932022833,0,0,교육청 > 경남교육청 > 좋은 성격 형성을 위한 책
609,강아지똥,아동,권정생,,길벗어린이,1996-04-01,,0,10000,교육청 > 경남교육청 > 꿈이 있는 그림책
610,고 녀석 맛있겠다 (별하나 그림책 4),아동,미야니시 타츠야,,달리,2004-06-10,,0,11000,교육청 > 경남교육청 > 꿈이 있는 그림책
611,슬픔의 위안,문학,"론 마라스코, 브라이언 셔프",,현암사,2012-03-05,9788932316130,0,0,교육청 > 경남교육청 > 좋은 성격 형성을 위한 책
612,절대강자,문학,이외수,,해냄출판사,2011-12-06,9788965743279,0,0,교육청 > 경남교육청 > 좋은 성격 형성을 위한 책
613,내 인생의 양탄자,문학,카타리나 모렐로,,개암나무,2012-03-05,9788992844727,0,0,교육청 > 경남교육청 > 좋은 성격 형성을 위한 책
614,앤서니 브라운의 마술연필,예술,앤서니 브라운,,웅진주니어,2010-11-26,,0,11000,교육청 > 경남교육청 > 꿈이 있는 그림책
615,도서관에 간 사자,아동,미셸 누드슨,,웅진주니어,2008-12-30,,0,11000,교육청 > 경남교육청 > 꿈이 있는 그림책
616,톤즈의 약속,문학,이병승,,실천문학,2011-08-29,9788939206649,0,0,교육청 > 경남교육청 > 좋은 성격 형성을 위한 책
617,나의 작은 새,문학,에쿠니가오리,,소담출판사,2012-02-14,9788973812707,0,0,교육청 > 경남교육청 > 좋은 성격 형성을 위한 책
618,원예반 소년들,문학,우오즈미 나오코,,양철북,2012-03-26,9788963720609,0,0,교육청 > 경남교육청 > 좋은 성격 형성을 위한 책
619,춤추는 평화,문학,홍숭관,,탐,2012-03-21,9788964960677,0,0,교육청 > 경남교육청 > 좋은 성격 형성을 위한 책
620,황소 아저씨 (민들레그림책 5),예술,권정생,,길벗어린이,2001-01-25,,0,9000,교육청 > 경남교육청 > 꿈이 있는 그림책
621,어른이 된 후에 (위로와 격려가 필요한 우리들의 성장이야기),아동,김효진,,행간,2011-05-31,,0,12000,교육청 > 경남교육청 > 꿈이 있는 그림책
622,각별한 마음,예술,장 자끄 상뻬,,열린책들,2010-01-10,,0,18000,교육청 > 경남교육청 > 꿈이 있는 그림책
623,다른 게 나쁜 건 아니잖아요,철학/심리학/윤리학,SBS스페셜제작팀,,꿈결,2012-03-12,9788996783121,0,0,교육청 > 경남교육청 > 좋은 성격 형성을 위한 책
624,두려움에게 인사하는 법,문학,김이윤,,창비,2012-03-23,9788936456436,0,0,교육청 > 경남교육청 > 좋은 성격 형성을 위한 책
625,내 생애 가장 용감했던 17일,문학,한국로제청소년원정대,,푸른숲주니어,2011-04-30,9788971849156,0,0,교육청 > 경남교육청 > 좋은 성격 형성을 위한 책
626,그림 문학에 취하다 (문학작품으로 본 옛그림 감상법),예술,고연희,,아트북스,2011-01-19,,0,20000,교육청 > 경남교육청 > 꿈이 있는 그림책
627,난 아프지 않아,문학,이병승,,북멘토,2012-03-30,9788963190396,0,0,교육청 > 경남교육청 > 좋은 성격 형성을 위한 책
628,청소년을 위한 시크릿,총류,박은몽,,살림FRIENDS,2008-06-11,9788952209191,0,0,교육청 > 경남교육청 > 좋은 성격 형성을 위한 책
629,내 식탁 위의 책들,문학,정은지,,앨리스,2012-04-27,9788961961080,0,0,교육청 > 경남교육청 > 좋은 성격 형성을 위한 책
630,"그림에, 마음을 놓다  (다정하게 안아주는 심리치유 에세이)",예술,이주은,,앨리스,2008-05-27,,0,12800,교육청 > 경남교육청 > 꿈이 있는 그림책
631,그림책 연어,예술,안도현,,문학동네,2007-05-14,,0,11000,교육청 > 경남교육청 > 꿈이 있는 그림책
632,그림책 365 (주제별로 매일 한 권씩 2000년대 좋은 그림책),예술,학교도서관저널 그림책 365 선정위원회,,학교도서관저널,2010-10-30,,0,30000,교육청 > 경남교육청 > 꿈이 있는 그림책
633,내 왼쪽 무릎에 박힌 별,문학,모모카포르,,푸른숲,2007-12-28,9788971847657,0,0,교육청 > 경남교육청 > 좋은 성격 형성을 위한 책
634,내 왼쪽 무릎에 박힌 별,문학,모모카포르,,푸른숲,2007-12-28,9788971847657,0,0,교육청 > 경남교육청 > 좋은 성격 형성을 위한 책
635,길위의 책,문학,강미,,푸른책들,2014-08-20,9788957980378,0,0,교육청 > 경남교육청 > 좋은 성격 형성을 위한 책
636,꽃잎의 말로 편지를 쓴다,문학,도종환,,창비,2007-05-21,9788936471262,0,0,교육청 > 경남교육청 > 좋은 성격 형성을 위한 책
637,그림책 쓰는 법,예술,엘렌 E.M.로버츠,,문학동네,2002-08-26,,0,12000,교육청 > 경남교육청 > 꿈이 있는 그림책
638,그림책 읽는 즐거운 교실,아동,전국초등국어교과모임,,나라말,2009-11-01,,0,12000,교육청 > 경남교육청 > 꿈이 있는 그림책
639,위대한 쌀과 밥,예술,백명식,,씽크스마트,2011-07-04,,0,11000,교육청 > 경남교육청 > 꿈이 있는 그림책
640,깍두기 인생론,문학,고정욱,,샨티,2011-09-15,9788991075719,0,0,교육청 > 경남교육청 > 좋은 성격 형성을 위한 책
641,그래도 괜찮아,문학,안오일,,푸른책들,2010-11-25,9788957982532,0,0,교육청 > 경남교육청 > 좋은 성격 형성을 위한 책
642,날아라 고래 (하늘을 날고 싶은 꼬마 펭귄 고래의 꿈과 모험),아동,김혜란,,BF북스,2012-07-02,,0,18000,교육청 > 경남교육청 > 꿈이 있는 그림책
643,오 행복한 카시페로,문학,그라시엘라 몬테스,,푸른숲,2006-09-05,9788971844793,0,0,교육청 > 경남교육청 > 좋은 성격 형성을 위한 책
644,위대한 개츠비,문학,F. 스콧 피츠제럴드,,문학동네,2009-12-15,9788954609173,0,0,교육청 > 경남교육청 > 좋은 성격 형성을 위한 책
645,받아들임(지금 이 순간 있는 그대로),문학,타라 브랙,,불광출판사 ,2012-04-30,9788974797683,0,0,교육청 > 경남교육청 > 좋은 성격 형성을 위한 책
646,느티는 아프다,문학,이용포,,푸른책들,2006-03-25,9788957980477,0,0,교육청 > 경남교육청 > 좋은 성격 형성을 위한 책
647,마음을 그리는 페인트공,예술,나시키 가호,,청어람미디어,2010-01-15,,0,9800,교육청 > 경남교육청 > 꿈이 있는 그림책
648,명작 스캔들 (소설보다 재미있는 명화 이야기),예술,장 프랑수아 셰뇨,,이숲,2011-05-20,,0,20000,교육청 > 경남교육청 > 꿈이 있는 그림책
649,세계에서 가장 아름다운 미술관 100 (인류의 가장 위대한 보물),예술,만프레드 라이어,,서강BOOKS,2007-01-11,,0,48000,교육청 > 경남교육청 > 꿈이 있는 그림책
650,우리가 버려진 창고에서 발견한 것들,문학,잭 캔필드,,토네이도,2012-09-10,9788994013558,0,0,교육청 > 경남교육청 > 좋은 성격 형성을 위한 책
651,꿈꾸는 황소,문학,션 케니프,,살림,2012-06-28,9788952218797,0,0,교육청 > 경남교육청 > 좋은 성격 형성을 위한 책
652,토닥토닥 그림편지 (행복을 그리는 화가 이수동이 전하는 80통의 위로),예술,이수동,,아트북스,2010-12-06,,0,12000,교육청 > 경남교육청 > 꿈이 있는 그림책
653,우리 엄마,아동,앤서니 브라운,,웅진주니어,2005-03-20,,0,8500,교육청 > 경남교육청 > 꿈이 있는 그림책
654,도해사고력,예술,나가타 도요시,,스펙트럼북스,2010-09-15,,0,12800,교육청 > 경남교육청 > 꿈이 있는 그림책
655,오늘은 우리집 김장하는 날,아동,채인선,,보림,2001-12-22,,0,9800,교육청 > 경남교육청 > 꿈이 있는 그림책
656,떨어져야 꽃이다,문학,김병규,,예담,2012-05-10,9788959136810,0,0,교육청 > 경남교육청 > 좋은 성격 형성을 위한 책
657,사투리의 맛,아동,류호선,,사계절,2009-10-09,9788958284031,0,0,교육청 > 경남교육청 > 좋은 성격 형성을 위한 책
658,사과가 쿵,아동,다다 히로시,,보림,1996-08-20,,0,8000,교육청 > 경남교육청 > 꿈이 있는 그림책
659,글자 없는 그림책 둘 (상상력을 키우는 그림 이야기),아동,이은홍,,사계절,2009-09-21,,0,9500,교육청 > 경남교육청 > 꿈이 있는 그림책
660,쿠슐라와 그림책 이야기,예술,도로시 버틀러,,보림,2003-03-25,,0,12000,교육청 > 경남교육청 > 꿈이 있는 그림책
661,내가 원래 뭐였는지 알아?,아동,정유소영,,창비,2011-11-30,9788936446208,0,0,교육청 > 경남교육청 > 좋은 성격 형성을 위한 책
662,인생 수정,문학,조너선 프랜즌,,은행나무,2012-06-07,9788956606231,0,0,교육청 > 경남교육청 > 좋은 성격 형성을 위한 책
663,난 크고 싶어,아동,안드레아 샤빅,,그린북,2014-07-30,9788955882643,0,0,교육청 > 경남교육청 > 좋은 성격 형성을 위한 책
664,출발 청소년 한국미술사 (고구려 고분벽화에서 백남준까지 교과서에 숨어 있는 역사 속 우리미술 이야기),예술,박갑영,,아트북스,2011-09-05,,0,18000,교육청 > 경남교육청 > 꿈이 있는 그림책
665,스케치북 프로젝트 그림 그리고 싶은 날 (스케치북 프로젝트),예술,MUNGE,,예담,2011-09-20,,0,17000,교육청 > 경남교육청 > 꿈이 있는 그림책
666,박재동의 손바닥 아트,예술,박재동,,한겨레출판,2011-11-01,,0,13000,교육청 > 경남교육청 > 꿈이 있는 그림책
667,이모의 결혼식,아동,선현경,,비룡소,2004-05-21,,0,9000,교육청 > 경남교육청 > 꿈이 있는 그림책
668,내가 나인 것,아동,야마나카 히사시,,사계절 ,2003-08-30,9788971969762,0,0,교육청 > 경남교육청 > 좋은 성격 형성을 위한 책
669,늑대에겐 겨울이 없다,문학,쿠르트 뤼트겐,,비룡소 ,2007-11-01,9788949120560,0,0,교육청 > 경남교육청 > 좋은 성격 형성을 위한 책
670,나는 못난이,아동,서정홍,,보리,2013-05-20,9788984288034,0,0,교육청 > 경남교육청 > 좋은 성격 형성을 위한 책
671,꿈으로 돌파하라,총류,고승덕,,개미들출판사 ,2013-05-15,9788996753018,0,0,교육청 > 경남교육청 > 좋은 성격 형성을 위한 책
672,채소가 최고야,아동,이시즈 치히로,,천개의바람,2011-10-05,,0,9500,교육청 > 경남교육청 > 꿈이 있는 그림책
673,좁쌀 반 됫박,예술,김장성,,사계절,2010-12-22,,0,9800,교육청 > 경남교육청 > 꿈이 있는 그림책
674,짜장면 더 주세요,예술,이혜란,,사계절,2010-04-30,,0,9800,교육청 > 경남교육청 > 꿈이 있는 그림책
675,죽은 자들의 증언,사회,이용석,,인사이트앤뷰 ,2013-06-06,9788996761457,0,0,교육청 > 경남교육청 > 좋은 성격 형성을 위한 책
676,호기심대장 안철수,아동,김옥림,,문이당어린이,2011-02-25,9788974564438,0,0,교육청 > 경남교육청 > 꿈이 있는 그림책
677,어느날 미란다에게 생긴 일,아동,레베카 스테드,,찰리북,2010-04-20,9788996215196,0,0,교육청 > 경남교육청 > 꿈이 있는 그림책
678,분황사 우물에는 용이 산다,아동,배유안,,파란자전거,2010-12-01,9788994258096,0,0,교육청 > 경남교육청 > 꿈이 있는 그림책
679,해와 달이 된 오누이,예술,김성민,,사계절,2009-03-09,,0,10500,교육청 > 경남교육청 > 꿈이 있는 그림책
680,아빠 잘 있어요,예술,하세가와 요시후미,,사계절,2011-11-25,,0,9800,교육청 > 경남교육청 > 꿈이 있는 그림책
681,개구쟁이 ㄱㄴㄷ,예술,이억배,,사계절출판사,2005-04-18,,0,10500,교육청 > 경남교육청 > 꿈이 있는 그림책
682,책 읽는 왕자,아동,재키 프렌치,,예꿈,2011-02-15,9788992882071,0,0,교육청 > 경남교육청 > 꿈이 있는 그림책
683,"아이들 눈에 비친 어른, 세상, 그리고 나",아동,주디스 라자르,,산수야,2011-02-15,9788980972241,0,0,교육청 > 경남교육청 > 꿈이 있는 그림책
684,이상한 그것,아동,김미애,,파란정원,2011-01-10,9788994813011,0,0,교육청 > 경남교육청 > 꿈이 있는 그림책
685,"앗, 도서관의 책들이 사라졌다",아동,이학건,,토토북,2010-11-30,9788964960196,0,0,교육청 > 경남교육청 > 꿈이 있는 그림책
686,"악동삼총사, 희망을 쏘다",아동,고정욱,,아이앤북,2010-12-20,9788992830836,0,0,교육청 > 경남교육청 > 꿈이 있는 그림책
687,너도 보이니 1,예술,월터 윅,,달리,2003-02-25,,0,10000,교육청 > 경남교육청 > 꿈이 있는 그림책
688,이야기 기차,예술,사키,,뜨인돌어린이,2011-12-20,,0,15000,교육청 > 경남교육청 > 꿈이 있는 그림책
689,나눔으로 세상을 바꿀 수 있어요,아동,곽영미,,북오션,2010-12-01,9788993662283,0,0,교육청 > 경남교육청 > 꿈이 있는 그림책
690,네 친구 이야기,아동,라셸 보장 데샹,,비룡소,2010-12-15,9788949130859,0,0,교육청 > 경남교육청 > 꿈이 있는 그림책
691,루와 린덴 언제나 함께,아동,고테마리 루이,,한림출판사,2011-02-25,9788970946184,0,0,교육청 > 경남교육청 > 꿈이 있는 그림책
692,너는 기적이야,아동,최숙희,,책읽는곰,2010-09-09,9788993242317,0,0,교육청 > 경남교육청 > 꿈이 있는 그림책
693,내가 정말,예술,최숙희,,웅진주니어,2011-12-07,,0,10000,교육청 > 경남교육청 > 꿈이 있는 그림책
694,그림 형제 옛이야기 모음집 1,예술,그림 형제,,부북스,2012-02-15,,0,13000,교육청 > 경남교육청 > 꿈이 있는 그림책
695,스케치북 프로젝트 그림 그리고 싶은 날 (스케치북 프로젝트),예술,MUNGE,,예담,2011-09-20,,0,17000,교육청 > 경남교육청 > 꿈이 있는 그림책
696,왕실도서관 규장각에서 조선의 보물찾기,아동,신병주,,책과함께어린이,2010-09-30,9788991221697,0,0,교육청 > 경남교육청 > 꿈이 있는 그림책
697,별이네 옥수수밭 손님들,아동,김정희,,산하,2010-11-10,9788976503640,0,0,교육청 > 경남교육청 > 꿈이 있는 그림책
698,학교 가기 싫은 아이들이 다니는 학교,아동,송미경,,웅진주니어,2010-11-15,9788901114385,0,0,교육청 > 경남교육청 > 꿈이 있는 그림책
699,콩 하나면 되겠니?,아동,배유안,,|창비,2010-06-01,9788936451264,0,0,교육청 > 경남교육청 > 꿈이 있는 그림책
700,내 인생의 만화책 (캐릭터로 읽는 20세기 한국 만화사),예술,황민호,,가람기획,2009-10-15,,0,13800,교육청 > 경남교육청 > 꿈이 있는 그림책
701,나는 펜이고 펜이 곧 나다 (한국 만화가들의 감동적인 인생 이야기),예술,장상용,,크림슨,2008-10-30,,0,19000,교육청 > 경남교육청 > 꿈이 있는 그림책
702,느낀다는 것 (채운 선생님의 예술 이야기),예술,채운,,너머학교,2011-06-01,,0,12000,교육청 > 경남교육청 > 꿈이 있는 그림책
703,도깨비쌀과 쌀도깨비,아동,김율희,,|개암나무,2010-04-30,9788992844406,0,0,교육청 > 경남교육청 > 꿈이 있는 그림책
704,책 청소부 소소,아동,노인경,,문학동네어린이 ,2010-12-15,9788954613521,0,0,교육청 > 경남교육청 > 꿈이 있는 그림책
705,우린 모두 널 사랑해,아동,질리언 로벨,,|가치창조,2005-07-20,9788989399216,0,0,교육청 > 경남교육청 > 꿈이 있는 그림책
706,엄마가 화났다,아동,최숙희,,책읽는곰,2011-05-30,9788993242447,0,0,교육청 > 경남교육청 > 꿈이 있는 그림책
707,고릴라 (비룡소 그림동화 050),예술,앤서니 브라운,,비룡소,2008-06-20,,0,8500,교육청 > 경남교육청 > 꿈이 있는 그림책
708,모네의 그림 같은 식탁 (인상파 화가 모네의 그림보다 생생하고 맛있는 요리법),예술,클레르 주아,,아트북스,2012-03-02,,0,15000,교육청 > 경남교육청 > 꿈이 있는 그림책
709,선비의 향기 그림으로 만나다 (화훼영모 사군자화),예술,백인산,,다섯수레,2012-02-15,,0,16800,교육청 > 경남교육청 > 꿈이 있는 그림책
710,구름빵,아동,백희나,,한솔수북(한솔교육),2004-10-01,8953527058,0,0,교육청 > 경남교육청 > 꿈이 있는 그림책
711,찾아라! 명화 속 숨은 그림,아동,장세현,,낮은산,2011-06-05,9788989646815,0,0,교육청 > 경남교육청 > 꿈이 있는 그림책
712,미로는 어떤 화가일까?,아동,브리타 벤케,,북비,2011-05-20,9788974402327,0,0,교육청 > 경남교육청 > 꿈이 있는 그림책
713,그림 도둑 준모 (낮은산 작은숲 4),예술,오승희,,낮은산,2003-05-30,,0,8800,교육청 > 경남교육청 > 꿈이 있는 그림책
714,그림 형제 동화집,예술,그림 형제,,보물창고,2012-02-29,,0,10800,교육청 > 경남교육청 > 꿈이 있는 그림책
715,한 권으로 보는 그림 직업 백과,예술,조은주|유수정,,진선아이,2009-08-26,,0,19000,교육청 > 경남교육청 > 꿈이 있는 그림책
716,오르세미술관전 고흐의 별밤과 화가들의 꿈,총류,편집부,,|지엔씨미디어,2011-06-01,9788991127920,0,0,교육청 > 경남교육청 > 꿈이 있는 그림책
717,패션의 탄생,총류,강민지,,루비박스 ,2011-05-01,788997023011,0,0,교육청 > 경남교육청 > 꿈이 있는 그림책
718,마당을 나온 암탉(애니메이션 그림책),아동,황선미,,사계절,2011-06-10,9788958285557,0,0,교육청 > 경남교육청 > 꿈이 있는 그림책
719,세상을 담은 그림 지도,예술,김향금,,보림,2004-01-10,,0,9800,교육청 > 경남교육청 > 꿈이 있는 그림책
720,좋은 그림  좋은 생각 (조곤조곤 전하고 소곤소곤 나누는 작은 지혜들),예술,조정육,,아트북스,2011-05-13,,0,13800,교육청 > 경남교육청 > 꿈이 있는 그림책
721,그림 보여주는 손가락,예술,김치샐러드,,학고재,2006-08-05,,0,9800,교육청 > 경남교육청 > 꿈이 있는 그림책
722,강아지똥,아동,권정생,,길벗어린이,1996-04-01,8986621134,0,0,교육청 > 경남교육청 > 꿈이 있는 그림책
723,고 녀석 맛있겠다,아동,미야니시 타츠야,,달리,2004-06-10,8990364663,0,0,교육청 > 경남교육청 > 꿈이 있는 그림책
724,앤서니 브라운의 마술 연필,아동,앤서니 브라운,,웅진주니어,2010-11-26,9788901113241,0,0,교육청 > 경남교육청 > 꿈이 있는 그림책
725,도서관에 간 사자,아동,미셸 누드슨,,웅진주니어,2008-12-30,9788901060316,0,0,교육청 > 경남교육청 > 꿈이 있는 그림책
726,황소아저씨,아동,권정생,,길벗어린이,2001-01-25,8986621770,0,0,교육청 > 경남교육청 > 꿈이 있는 그림책
727,그림 그리는 아이 김홍도,예술,정하섭,,보림,1997-12-20,,0,8800,교육청 > 경남교육청 > 꿈이 있는 그림책
728,쿵짝짝 소리 나는 그림 김환기,예술,문승연,,길벗어린이,2007-11-13,,0,9000,교육청 > 경남교육청 > 꿈이 있는 그림책
729,어른이 된 후에(위로와 격려가 필요한 우리들의 성장이야기),문학,김효진,,행간,2011-05-31,9788992714631,0,0,교육청 > 경남교육청 > 꿈이 있는 그림책
730,각별한 마음,문학,장 자끄 상뻬,,열린책들,2010-01-10,88932909141,0,0,교육청 > 경남교육청 > 꿈이 있는 그림책
731,그림 문학에 취하다,총류,고연희,,아트북스,2011-01-19,9788961960755,0,0,교육청 > 경남교육청 > 꿈이 있는 그림책
732,그림에 마음을 놓다,문학,이주은,,앨리스,2008-05-27,9788961960106,0,0,교육청 > 경남교육청 > 꿈이 있는 그림책
733,그림으로 보는 비글호 항해 이야기,예술,장순근,,가람기획,2003-04-21,,0,9500,교육청 > 경남교육청 > 꿈이 있는 그림책
734,고흐와 함께한 마지막 여름,예술,마리 셀리에,,개암나무,2012-06-15,,0,10000,교육청 > 경남교육청 > 꿈이 있는 그림책
735,그림책 연어,아동,안도현,,문학동네,2007-05-14,9788954603171,0,0,교육청 > 경남교육청 > 꿈이 있는 그림책
736,그림책 365,기술과학,학교도서관저널 그림책 365 선정위원회,,학교도서관저널,2010-10-30,9788996429333,0,0,교육청 > 경남교육청 > 꿈이 있는 그림책
737,그림책 쓰는 법,총류,엘렌 E.M.로버츠,,문학동네,2002-08-26,788982815638,0,0,교육청 > 경남교육청 > 꿈이 있는 그림책
738,그림책 읽는 즐거운 교실,문학,전국초등국어교과모임,,나라말 ,2009-11-01,9788993041309,0,0,교육청 > 경남교육청 > 꿈이 있는 그림책
739,산타클로스를 납치하라,아동,원유순|노경실,,리젬,2007-12-05,,0,8000,교육청 > 경남교육청 > 꿈이 있는 그림책
740,런던정글북,아동,바주 샴,,리젬,2010-03-20,,0,12000,교육청 > 경남교육청 > 꿈이 있는 그림책
741,강아지와 할머니,아동,정명랑,,리젬,2012-02-15,,0,9500,교육청 > 경남교육청 > 꿈이 있는 그림책
742,위대한 쌀과 밥,아동,백명식,,씽크스마트,2011-07-04,9788965291312,0,0,교육청 > 경남교육청 > 꿈이 있는 그림책
743,날아라 고래,아동,김혜란,,|써네스트,2011-05-23,9788991958494,0,0,교육청 > 경남교육청 > 꿈이 있는 그림책
744,마음을 그리는 페인트공,아동,나시키 가호,,청어람미디어,2010-01-15,9788992492751,0,0,교육청 > 경남교육청 > 꿈이 있는 그림책
745,명작 스캔들,총류,장 프랑수아 셰뇨,,|이숲,2011-05-20,9788994228198,0,0,교육청 > 경남교육청 > 꿈이 있는 그림책
746,토닥토닥 그림편지,문학,이수동,,아트북스,2010-12-06,9788961960762,0,0,교육청 > 경남교육청 > 꿈이 있는 그림책
747,날아라 혹아이,아동,한봉지,,리젬,2006-02-23,,0,7800,교육청 > 경남교육청 > 꿈이 있는 그림책
748,세계에서 가장 아름다운 미술관100,총류,만프레드 라이어,,서강BOOKS,2007-01-11,9788972192633,0,0,교육청 > 경남교육청 > 꿈이 있는 그림책
749,우리엄마,아동,앤서니 브라운,,웅진주니어 ,2005-03-20,,0,0,교육청 > 경남교육청 > 꿈이 있는 그림책
750,지갑이 떨어져 있었어요,아동,리지 핀레이,,책속물고기,2012-09-10,,0,11000,교육청 > 경남교육청 > 꿈이 있는 그림책
751,도해사고력,총류,나가타 도요시,,스펙트럼북스,2010-09-15,9788993497571,0,0,교육청 > 경남교육청 > 꿈이 있는 그림책
752,오늘은 우리집 김장하는 날,아동,채인선,,보림,2001-12-22,9788943304539,0,0,교육청 > 경남교육청 > 꿈이 있는 그림책
753,사과가 쿵,아동,다다 히로시,,보림,2009-06-20,9788943306090,0,0,교육청 > 경남교육청 > 꿈이 있는 그림책
754,쿠슐라와 그림책 이야기,문학,도로시 버틀러,,보림,2003-03-25,9788943305024,0,0,교육청 > 경남교육청 > 꿈이 있는 그림책
755,인어들,아동,신시아 하인리츠,이준경,리젬,2011-08-18,9788992826556,0,11000,교육청 > 경남교육청 > 꿈이 있는 그림책
756,목 짧은 기린 지피,아동,고정욱,,맹앤앵,2012-09-01,,0,12000,교육청 > 경남교육청 > 꿈이 있는 그림책
757,머리 쓰는 그림책 (해적의 보물찾기),아동,이소비,,부즈펌어린이,2012-05-21,,0,9800,교육청 > 경남교육청 > 꿈이 있는 그림책
758,출발! 청소년 한국미술사,총류,박갑영,,아트북스,2011-09-05,9788961960915,0,0,교육청 > 경남교육청 > 꿈이 있는 그림책
759,박재동의 손바닥아트,문학,박재동,,한겨레출판,2011-11-01,9788984315167,0,0,교육청 > 경남교육청 > 꿈이 있는 그림책
760,채소가 최고야,아동,이시즈 치히로,,천개의바람,2011-10-05,9788996622437,0,0,교육청 > 경남교육청 > 꿈이 있는 그림책
761,좁쌀 반 됫박(옛이야기 그림책9),아동,김장성,,사계절 ,2013-05-30,9788958285250,0,0,교육청 > 경남교육청 > 꿈이 있는 그림책
762,세상 모든 화가들의 그림 이야기,예술,장세현,,꿈소담이,2007-09-10,,0,8800,교육청 > 경남교육청 > 꿈이 있는 그림책
763,잃어버린 것,아동,숀 탠,,사계절,2002-09-23,,0,9800,교육청 > 경남교육청 > 꿈이 있는 그림책
764,매듭을 묶으며,아동,빌 마틴 주니어,,사계절,2003-05-21,,0,9500,교육청 > 경남교육청 > 꿈이 있는 그림책
765,세 개의 황금 열쇠 (The Three Golden Keys),아동,피터 시스,,사계절출판사,2004-06-21,,0,15500,교육청 > 경남교육청 > 꿈이 있는 그림책
766,이모의 결혼식,아동,선현경,,비룡소,2004-05-21,9788949100487,0,0,교육청 > 경남교육청 > 꿈이 있는 그림책
767,짜장면 더 주세요!(말과 사람1),아동,이혜란,,사계절출판사 ,2010-04-30,9788958284642,0,0,교육청 > 경남교육청 > 꿈이 있는 그림책
768,책 먹는 여우,아동,프란치스카 비어만,,주니어김영사,2009-10-11,,0,8500,교육청 > 경남교육청 > 꿈이 있는 그림책
769,해와 달이 된 오누이(옛이야기 그림책 8),아동,김성민,,사계절 ,2009-03-09,9788958283416,0,0,교육청 > 경남교육청 > 꿈이 있는 그림책
770,아빠 잘 있어요,아동,하세가와 요시후미,,사계절 ,2011-11-25,9788958285823,0,0,교육청 > 경남교육청 > 꿈이 있는 그림책
771,개구쟁이ㄱㄴㄷ,아동,이억배,,사계절출판사,2005-04-18,8958280824,0,0,교육청 > 경남교육청 > 꿈이 있는 그림책
772,너도 보이니?,아동,월터 윅,,달리,2003-02-25,9788990364098,0,0,교육청 > 경남교육청 > 꿈이 있는 그림책
773,이야기 기차,아동,사키,,뜨인돌어린이,2011-12-20,9788958073512,0,0,교육청 > 경남교육청 > 꿈이 있는 그림책
774,내가 정말?,아동,최숙희,,웅진주니어,2011-12-07,9788901136684,0,0,교육청 > 경남교육청 > 꿈이 있는 그림책
775,그림형제 옛 이야기 모음집,문학,그림 형제,,부북스 ,2012-02-15,9788993785326,0,0,교육청 > 경남교육청 > 꿈이 있는 그림책
776,그림 그리고 싶은 날,총류,munge,,예담,2011-09-20,9788959136438,0,0,교육청 > 경남교육청 > 꿈이 있는 그림책
777,내 인생의 만화책,총류,황민호,,가람기획,2009-10-15,9788984352933,0,0,교육청 > 경남교육청 > 꿈이 있는 그림책
778,나는 펜이고 펜이 곧 나다,문학,장상용,,크림슨 ,2008-10-30,9788991016309,0,0,교육청 > 경남교육청 > 꿈이 있는 그림책
779,느낀다는 것(채운 선생님의 예술이야기),총류,채운,,너머학교,2011-06-01,9788994407067,0,0,교육청 > 경남교육청 > 꿈이 있는 그림책
780,선비의 향기 그림으로 만나다,총류,백인산,,다섯수레,2012-02-15,788974783594,0,0,교육청 > 경남교육청 > 꿈이 있는 그림책
781,한 권으로 보는 그림 직업 백과,아동,"조은주, 유수정",,진선아이,2009-08-26,9788972216193,0,0,교육청 > 경남교육청 > 꿈이 있는 그림책
782,다 그림이다,총류,"이주은, 손철주",,이봄,2011-11-07,9788954616478,0,0,교육청 > 경남교육청 > 꿈이 있는 그림책
783,좋은 그림 좋은 생각,총류,조정육,,아트북스,2011-05-13,9788961960854,0,0,교육청 > 경남교육청 > 꿈이 있는 그림책
784,쿵짝짝 소리 나는 그림 김환기,아동,문승연,,길벗어린이 ,2007-11-13,9788990025395,0,0,교육청 > 경남교육청 > 꿈이 있는 그림책
785,그림으로 보는 비글호 항해 이야기,자연과학,장순근,,가람기획,2003-04-21,9788984351370,0,0,교육청 > 경남교육청 > 꿈이 있는 그림책
786,그림 보여주는 손가락,총류,김치샐러드,,학고재,2006-08-05,9788956250519,0,0,교육청 > 경남교육청 > 꿈이 있는 그림책
787,고흐와 함께한 마지막 여름,아동,마리 셀리에,,개암나무 ,2012-06-15,9788992844772,0,0,교육청 > 경남교육청 > 꿈이 있는 그림책
788,산타클로스를 납치하라,아동,노경실 외,,리젬,2007-12-05,9788992826136,0,0,교육청 > 경남교육청 > 꿈이 있는 그림책
789,런던 정글북,아동,바주 샴,,리젬,2010-03-20,9788992826327,0,0,교육청 > 경남교육청 > 꿈이 있는 그림책
790,강아지와 할머니,아동,정명랑,,리젬,2006-01-13,9788995748718,0,0,교육청 > 경남교육청 > 꿈이 있는 그림책
791,지갑이 떨어져 있었어요,아동,리지 핀레이,,책속물고기,2012-09-10,9788994621227,0,0,교육청 > 경남교육청 > 꿈이 있는 그림책
792,목 짧은 기린 지피,아동,고정욱,,맹앤앵,2012-09-01,9788994198170,0,0,교육청 > 경남교육청 > 꿈이 있는 그림책
793,머리 쓰는 그림책,아동,이소비,,부즈펌어린이,2012-05-21,9788994545363,0,0,교육청 > 경남교육청 > 꿈이 있는 그림책
794,세상 모든 화가들의 그림 이야기,아동,장세현,,꿈소담이,2007-09-10,9788956894140,0,0,교육청 > 경남교육청 > 꿈이 있는 그림책
795,잃어버린 것,아동,숀 탠,,사계절,2002-09-23,9788971969106,0,0,교육청 > 경남교육청 > 꿈이 있는 그림책
796,매듭을 묶으며,아동,빌 마틴 주니어,,사계절,2003-05-21,9788971969557,0,0,교육청 > 경남교육청 > 꿈이 있는 그림책
797,세 개의 황금열쇠,아동,피터 시스,,사계절출판사,2004-06-21,8958280239,0,0,교육청 > 경남교육청 > 꿈이 있는 그림책
798,미시게의 약속,아동,김동연,,주니어김영사,2011-05-01,9788934950677,0,0,교육청 > 경남교육청 > 꿈이 있는 그림책
799,철수는 철수다,아동,노경실,,크레용하우스,2010-06-17,9788955472288,0,0,교육청 > 경남교육청 > 꿈이 있는 그림책
800,책 먹는 여우,아동,프란치스카 비어만,,주니어김영사,2001-10-15,788934908067,0,0,교육청 > 경남교육청 > 꿈이 있는 그림책
801,내일의 나를 부탁해,어린이,송영선,,다산에듀(다산북스),2011-07-22,9788963706054,195,10000,교육청 > 경남교육청 > 진로와 관련된 책
802,(청소년을 위한)라이벌 세계사,어린이,강응천,,그린비,2006-10-25,8976829662,319,14900,교육청 > 경남교육청 > 진로와 관련된 책
803,내일의 나를 부탁해,총류,송영선,,다산에듀(다산북스),2011-07-22,9788963706054,195,10000,교육청 > 경남교육청 > 진로와 관련된 책
804,진로탐색과 생애설계,총류,황매향,,학지사,2011-02-17,9788963305981,237,13000,교육청 > 경남교육청 > 진로와 관련된 책
805,스마트걸 스마트잡,총류,워렌 패럴,최정숙,미래의 창,2010-09-30,9788959891436,207,11000,교육청 > 경남교육청 > 진로와 관련된 책
806,(김병만 달인정신)꿈이 있는 거북이는 지치지 않습니다,총류,김병만,,실크로드,2011-08-10,9788994893150,255,13000,교육청 > 경남교육청 > 진로와 관련된 책
807,"멈추지마, 다시 꿈부터 써봐",어린이,김수영,,웅진지식하우스(웅진씽크빅),2010-04-30,9788901107585,279,12000,교육청 > 경남교육청 > 진로와 관련된 책
808,10대에 알았더라면 좋았을 것들,어린이,김태광,,문예춘추사,2010-10-15,9788976040602,240,12000,교육청 > 경남교육청 > 진로와 관련된 책
809,대한민국 청소년에게 2 (개념 청소년 되기 프로젝트: 불온한 십대가 세상을 바꾼다),어린이,강수돌|고재열|김종휘|김규항|고성국,,바이북스,2012-02-15,,0,14000,교육청 > 경남교육청 > 진로와 관련된 책
810,미대 나와서 무얼 할까. 1,어린이,박정준,,안그라픽스,2011-05-30,9788970595856,299,18000,교육청 > 경남교육청 > 진로와 관련된 책
811,준비가 알차면 직업이 즐겁다,어린이,탁석산,,창비,2009-10-25,9788936458058,162,9500,교육청 > 경남교육청 > 진로와 관련된 책
812,오바마 대통령의 꿈,아동,한봉지,,리젬,2009-01-20,9788992826204,179,9600,교육청 > 경남교육청 > 진로와 관련된 책
813,바보처럼 공부하고 천재처럼 꿈꿔라 시즌 2,어린이,김의식,,명진출판,2012-06-07,9788976776822,302,14000,교육청 > 경남교육청 > 진로와 관련된 책
814,"(거위의 꿈,)폴 포츠",아동,박현성,,리젬,2009-06-05,9788992826228,176,10000,교육청 > 경남교육청 > 진로와 관련된 책
815,"진로교육, 아이의 미래를 멘토링하다",총류,조진표,,주니어김영사,2012-06-08,9788934957867,194,12000,교육청 > 경남교육청 > 진로와 관련된 책
816,(자기소개서·진로설계서로)미래를 폼나게 디자인하라,총류,김세정,,아주큰선물,2012-01-20,9788991891678,204,14800,교육청 > 경남교육청 > 진로와 관련된 책
817,청춘의 진로교실,총류,야마다 즈니,한혜정,프렌즈,2011-06-15,9788996645603,255,12500,교육청 > 경남교육청 > 진로와 관련된 책
818,왜 학교에 가야 하나요?,아동,하르트무트 폰 헨티,강혜경,(도서출판)비룡소,2003-08-18,8949190206,163,8000,교육청 > 경남교육청 > 진로와 관련된 책
819,이상한 '그것',아동,김미애,,파란정원,2011-01-10,9788994813011,108,10000,교육청 > 경남교육청 > 창의성을 기르는 책
820,남다르게 놀아야 남다르게 자란다,총류,알리샤 T. 드반티어,황지현,인디북,2007-08-10,9788958560951,337,12000,교육청 > 경남교육청 > 진로와 관련된 책
821,촘스키처럼 생각하는 법 (말과 글을 단련하고 숫자 언어 미디어의 거짓으로부터 나를 지키는 기술),총류,노르망 바야르종,,갈라파고스,2010-12-03,,0,13500,교육청 > 경남교육청 > 창의성을 기르는 책
822,꿈의 학교 론 클라크 아카데미 (배움의 즐거움으로 하나가 된 교사와 부모 학생들의 101가지 이야기),아동,론 클라크,,김영사,2012-05-21,,0,13000,교육청 > 경남교육청 > 창의성을 기르는 책
823,나무를 껴안아 숲을 지킨 사람들 (유네스코와 함께 만나는 아시아의 자연과 문화),총류,김웅서|제종길|진필수|이옥순|이태주|홍석준,,웅진주니어,2011-01-14,,0,10000,교육청 > 경남교육청 > 좋은 성격 형성을 위한 책
824,생각한다는 것,철학/심리학/윤리학,고병권,,너머학교,2010-03-31,9788994407005,134,10000,교육청 > 경남교육청 > 좋은 성격 형성을 위한 책
825,화나면 흥분하는사람 화날수록 침착한사람 (화나게 하는 한마디에 대한 대응술),총류,바바라 베르크한,,청림출판,2010-10-25,,0,13000,교육청 > 경남교육청 > 좋은 성격 형성을 위한 책
826,나 하나 쯤이야!,아동,이상배,,소담주니어(꿈소담이),2011-05-20,9788956896953,101,8000,교육청 > 경남교육청 > 좋은 성격 형성을 위한 책
827,품격,총류,이시형,,중앙북스,2011-08-22,9788927802488,263,13800,교육청 > 경남교육청 > 좋은 성격 형성을 위한 책
828,"러브 유어셀프 Love Yourself (나를 가장 멋지고 매력적으로 만들어주는 마법의 주문,러브유어셀프)",총류,로렌스 크래인,,가디언,2011-10-04,,0,13000,교육청 > 경남교육청 > 좋은 성격 형성을 위한 책
829,"지구별 어른, 어린왕자를 만나다 (아직 어른이 되기 두려운 그대에게 건네는 위로, 그리고 가슴 따뜻한 격려)",총류,정희재,,지식의숲,2011-10-10,,0,12000,교육청 > 경남교육청 > 좋은 성격 형성을 위한 책
830,인생은 속도가 아니라 방향이다,철학/심리학/윤리학,임마누엘 페스트라이쉬(이만열),,노마드북스,2011-10-14,,0,9000,교육청 > 경남교육청 > 좋은 성격 형성을 위한 책
831,소울푸드 (삶의 허기를 채우는 영혼의 레시피),총류,성석제|백영옥|김창완|남무성|박상|박찬일|서유미|안은영|이우일|이지민|조진국|차유진|한창훈|황교익|이충걸|강병인|노익상|이화정|정박미경|조동섭,,청어람미디어,2011-10-12,,0,12800,교육청 > 경남교육청 > 좋은 성격 형성을 위한 책
832,행복의 편지,총류,장 피에르 벤다한,김유경,신원문화사,2011-12-30,9788935915811,198,12000,교육청 > 경남교육청 > 좋은 성격 형성을 위한 책
833,"다, 그림이다",예술,손철주,,이봄(문학동네),2011-11-07,9788954616478,285,17500,교육청 > 경남교육청 > 꿈이 있는 그림책
834,내 생애 가장 용감했던 17일,어린이,.한국로체청소년원정대,,푸른숲주니어,2011-04-30,9788971849156,375,13800,교육청 > 경남교육청 > 좋은 성격 형성을 위한 책
835,미시게의 약속,아동,김동연,,주니어김영사,2011-05-01,,0,9500,교육청 > 경남교육청 > 꿈이 있는 그림책
836,철수는 철수다,아동,노경실,,크레용하우스,2010-06-17,9788955472288,127,9000,교육청 > 경남교육청 > 꿈이 있는 그림책
